{
"type": "FeatureCollection",
"name": "orgUnit_poly_csb",
"crs": { "type": "name", "properties": { "name": "urn:ogc:def:crs:OGC:1.3:CRS84" } },
"features": [
{ "type": "Feature", "properties": { "fid": 1, "csb_secto": "CSB1 AMBALAVOLO" }, "geometry": { "type": "Polygon", "coordinates": [ [ [ 47.823882997511276, -20.782792700095744 ], [ 47.828360555604242, -20.776808130067256 ], [ 47.834149999732055, -20.770320006243171 ], [ 47.812399999468283, -20.783900005652285 ], [ 47.783699999760472, -20.790980005688986 ], [ 47.76750222854794, -20.780749605880374 ], [ 47.774145863144568, -20.778425370107197 ], [ 47.799449999423601, -20.769570005829554 ], [ 47.802070010528126, -20.763245653945717 ], [ 47.813079999348645, -20.753070005764027 ], [ 47.8149500001471, -20.723770006284223 ], [ 47.813819999296712, -20.697350005615597 ], [ 47.822727860605859, -20.688927965275553 ], [ 47.823431183506045, -20.689281925842213 ], [ 47.8293065848354, -20.690439320939621 ], [ 47.831377777467104, -20.690926157237968 ], [ 47.833066320259263, -20.690832893944631 ], [ 47.834229735418845, -20.689997545172751 ], [ 47.83522521927344, -20.688906684618605 ], [ 47.83670210302467, -20.688304758480999 ], [ 47.837627593543758, -20.688546773238144 ], [ 47.838229078114793, -20.689175303120628 ], [ 47.83844123807814, -20.691178829860906 ], [ 47.83884013776769, -20.692218858934446 ], [ 47.839368440007078, -20.692846283550132 ], [ 47.840388264013001, -20.693296394233968 ], [ 47.842119244013865, -20.693640780618175 ], [ 47.844414375928856, -20.693877235766536 ], [ 47.846368075732521, -20.694040802661586 ], [ 47.848719561864982, -20.69381777169373 ], [ 47.850167011704997, -20.693537761479671 ], [ 47.851475193432321, -20.692795961985652 ], [ 47.852845166678158, -20.692767220552518 ], [ 47.854058304454405, -20.693357925849046 ], [ 47.854729420833443, -20.694240426975188 ], [ 47.854973914122283, -20.695760971012266 ], [ 47.855069306111176, -20.697440811063966 ], [ 47.8552686867082, -20.698753975034641 ], [ 47.856187309104797, -20.699409746281127 ], [ 47.856804526415623, -20.699072718149985 ], [ 47.857330075830198, -20.698297799322997 ], [ 47.857587022930566, -20.69754202886093 ], [ 47.858911147838839, -20.691167108098409 ], [ 47.859965472536203, -20.689456340361676 ], [ 47.860950005346211, -20.689077882262584 ], [ 47.862122803132699, -20.689138766365073 ], [ 47.863586128704874, -20.68941063501688 ], [ 47.865338785065113, -20.689892926141553 ], [ 47.866478183829507, -20.690551334200329 ], [ 47.867270764442701, -20.691458181772845 ], [ 47.868003601293786, -20.693031105923151 ], [ 47.869516868917515, -20.697856027153829 ], [ 47.870106432974787, -20.699243264684124 ], [ 47.870309185130104, -20.70032660960398 ], [ 47.870023682756106, -20.701357559122169 ], [ 47.869714729660409, -20.702319265339426 ], [ 47.869974539302987, -20.702897444878491 ], [ 47.870898448813868, -20.703277032526106 ], [ 47.872652431674176, -20.7036903528445 ], [ 47.874426254478067, -20.704425837299222 ], [ 47.876486447501826, -20.705624647975288 ], [ 47.877743766272246, -20.706428542059403 ], [ 47.878762083014358, -20.707079619744214 ], [ 47.880022324581347, -20.707681590848033 ], [ 47.880441389769125, -20.708091882249668 ], [ 47.880432720304633, -20.708652478244055 ], [ 47.880425752357446, -20.709103081756375 ], [ 47.879335682306746, -20.710193275013545 ], [ 47.878343607782028, -20.711305787645248 ], [ 47.877328658101774, -20.712602523700017 ], [ 47.876874109263483, -20.713709973148646 ], [ 47.876734110901282, -20.714515594830374 ], [ 47.876549855102525, -20.715781674795238 ], [ 47.877197679939918, -20.717223710715786 ], [ 47.878450372597783, -20.717970831498452 ], [ 47.879920870263298, -20.718462648242237 ], [ 47.881761447044646, -20.719319418865329 ], [ 47.882941846800549, -20.720158563675614 ], [ 47.883124495510835, -20.721513020017998 ], [ 47.882506216100886, -20.7234494483404 ], [ 47.881687703536578, -20.724836576153322 ], [ 47.881160011037551, -20.726013518015066 ], [ 47.880614623478039, -20.727857310770911 ], [ 47.879865572749907, -20.72885263364622 ], [ 47.880415908379462, -20.730318607720925 ], [ 47.881109560869696, -20.731392726495944 ], [ 47.881198112615124, -20.733138619953252 ], [ 47.880703054714473, -20.735166022794576 ], [ 47.880497973315215, -20.73689179571975 ], [ 47.880444308970183, -20.739144691872706 ], [ 47.880696638951349, -20.740061619046699 ], [ 47.880655496766437, -20.740912698759796 ], [ 47.88039609002017, -20.741972224235997 ], [ 47.880114532072675, -20.743354278073923 ], [ 47.880426848632908, -20.744109800323102 ], [ 47.880739175985063, -20.744865344155976 ], [ 47.881700424447992, -20.745798897996004 ], [ 47.883207481353402, -20.747646334804834 ], [ 47.885052420746113, -20.748985665449847 ], [ 47.886552268685953, -20.750005542515026 ], [ 47.887326499532229, -20.751837655775557 ], [ 47.88776033068882, -20.753970701078224 ], [ 47.887488682370957, -20.756386870947313 ], [ 47.887260378677823, -20.758250575592598 ], [ 47.887034644347757, -20.760321437272339 ], [ 47.886726491648609, -20.761427665441637 ], [ 47.886203123090006, -20.76306466179113 ], [ 47.88621680987238, -20.764627129523973 ], [ 47.8867411640881, -20.765863515673633 ], [ 47.887752297945006, -20.766911760953494 ], [ 47.889376533815032, -20.768114577209829 ], [ 47.89085881170007, -20.769847526724956 ], [ 47.890928042410629, -20.772191371316538 ], [ 47.890492257027596, -20.775390207672054 ], [ 47.890029716813665, -20.778428945817684 ], [ 47.889352974276036, -20.78204360260667 ], [ 47.889295687461917, -20.78383698116728 ], [ 47.888725492103646, -20.785727275168149 ], [ 47.888304809934972, -20.787937511080596 ], [ 47.887275932454287, -20.790452639649541 ], [ 47.886556098001535, -20.79195298311479 ], [ 47.886343983903814, -20.792874364630901 ], [ 47.886112528086784, -20.794348001828673 ], [ 47.885833813795649, -20.796028083797946 ], [ 47.885847223586715, -20.798187227426368 ], [ 47.885519433291577, -20.800952712863761 ], [ 47.885373015568554, -20.801022254739532 ], [ 47.885033105110111, -20.80182729455985 ], [ 47.884839946922469, -20.802723674923001 ], [ 47.884209353095571, -20.804586801304144 ], [ 47.883456984768493, -20.806587562629186 ], [ 47.883240869586984, -20.808288562829208 ], [ 47.882491656980932, -20.810193061621767 ], [ 47.868979999742422, -20.811030005790254 ], [ 47.837469999952596, -20.812670005873681 ], [ 47.812880000021011, -20.805280005927806 ], [ 47.823882997511276, -20.782792700095744 ] ] ] } },
{ "type": "Feature", "properties": { "fid": 2, "csb_secto": "CSB1 AMBODIARA SUD" }, "geometry": { "type": "Polygon", "coordinates": [ [ [ 47.760545026438137, -20.851108316129078 ], [ 47.752749999718361, -20.853600005667193 ], [ 47.749242549309614, -20.855765272779198 ], [ 47.74331216792703, -20.857080149958122 ], [ 47.739969276365727, -20.860913789866409 ], [ 47.7388644313532, -20.863096809595774 ], [ 47.737385489053644, -20.862569169257636 ], [ 47.735453922464892, -20.862583893857334 ], [ 47.733295109785566, -20.862600324471064 ], [ 47.730791756937876, -20.862192127590305 ], [ 47.728746566404567, -20.862207639996242 ], [ 47.726472298761045, -20.862011255040972 ], [ 47.724654349821556, -20.862024999379695 ], [ 47.722795505111471, -20.861751999380786 ], [ 47.720342043053599, -20.861433390264306 ], [ 47.718613855447586, -20.861146007407914 ], [ 47.71694754209777, -20.860617831073874 ], [ 47.715278689062401, -20.859789268585999 ], [ 47.713421171751556, -20.859322569906997 ], [ 47.711563158914338, -20.858795774931522 ], [ 47.709322194065464, -20.85833189922436 ], [ 47.70722000000417, -20.858100003638796 ], [ 47.703828846325102, -20.858733301726556 ], [ 47.702998499581852, -20.858799551184319 ], [ 47.701528529818439, -20.858810468953941 ], [ 47.700186884317851, -20.858880500960158 ], [ 47.699037479696393, -20.859009177756988 ], [ 47.696609827281947, -20.859147302831239 ], [ 47.694181669448412, -20.859225320817202 ], [ 47.690731409626494, -20.859370912962298 ], [ 47.688750124917725, -20.859385486475933 ], [ 47.686704925391162, -20.859400507851863 ], [ 47.68555450093853, -20.859408947089918 ], [ 47.683893269657581, -20.859481196824341 ], [ 47.681590426955296, -20.859257729685059 ], [ 47.678843669897837, -20.859458023992865 ], [ 47.675773379036237, -20.859179996783656 ], [ 47.67475000001037, -20.858400004880973 ], [ 47.674470411577985, -20.856185521470444 ], [ 47.673680757358582, -20.853427623613165 ], [ 47.67289606739692, -20.851270474681023 ], [ 47.672169889126181, -20.848452021873097 ], [ 47.671377369666708, -20.845333646062294 ], [ 47.670852326570277, -20.843655228738122 ], [ 47.670840018448636, -20.84215333664023 ], [ 47.670890143062067, -20.840470751857705 ], [ 47.670943712079044, -20.839208695459519 ], [ 47.670803598603449, -20.83770772786475 ], [ 47.670469811628635, -20.835967839180693 ], [ 47.66977558357241, -20.835097737007725 ], [ 47.669536338726793, -20.83122831127632 ], [ 47.669514720823344, -20.828584965463946 ], [ 47.66958825748771, -20.827915914828143 ], [ 47.669812113134, -20.825879234580622 ], [ 47.670062508673247, -20.824308163033766 ], [ 47.670219998849234, -20.823320005956518 ], [ 47.670277568950098, -20.823122704592237 ], [ 47.672699999900267, -20.814820005186736 ], [ 47.672639790289253, -20.814748771686162 ], [ 47.669868280291539, -20.811469703213458 ], [ 47.669686590258344, -20.807768314007674 ], [ 47.670079998687306, -20.804320004817367 ], [ 47.67455870881188, -20.800203906740339 ], [ 47.674519195299062, -20.800174062738222 ], [ 47.674649998992727, -20.800120004490182 ], [ 47.672123956249678, -20.797321768441705 ], [ 47.669155822976442, -20.794573201050561 ], [ 47.667399378671639, -20.792360772590833 ], [ 47.664919072749917, -20.790198934593366 ], [ 47.662728912401981, -20.788080385462681 ], [ 47.660999999942376, -20.786470005448326 ], [ 47.658659761630737, -20.786474759264546 ], [ 47.655521631309917, -20.786542573542505 ], [ 47.65199612161507, -20.786476860080501 ], [ 47.649869999292193, -20.786250005195047 ], [ 47.648852106130889, -20.786584098838322 ], [ 47.646661202043646, -20.78549548748844 ], [ 47.640906667798525, -20.783350673657104 ], [ 47.640005446384166, -20.782430554789158 ], [ 47.640278890648062, -20.779903851945541 ], [ 47.6408240848532, -20.775469794062399 ], [ 47.641436723715415, -20.774230187440502 ], [ 47.641536727427571, -20.773989847221205 ], [ 47.641869999090744, -20.774000005962968 ], [ 47.649729999130443, -20.773470005804374 ], [ 47.662469998483658, -20.779080005503776 ], [ 47.688519998292762, -20.757650005621969 ], [ 47.70081480895184, -20.772471519116877 ], [ 47.700433422659955, -20.774550408145302 ], [ 47.699962616776943, -20.774888101774749 ], [ 47.69923488537755, -20.779473190902838 ], [ 47.698379108504845, -20.780368119760148 ], [ 47.697083144966918, -20.782182006460609 ], [ 47.697494883378063, -20.783974277056505 ], [ 47.699788311977194, -20.784574427932597 ], [ 47.699223922642155, -20.786434867139508 ], [ 47.699148541468318, -20.787904970901032 ], [ 47.699927358856996, -20.789077457521397 ], [ 47.701266825300259, -20.788156927663376 ], [ 47.703007549455634, -20.789131466306969 ], [ 47.706381845343181, -20.791539135784252 ], [ 47.706615082717249, -20.793363182125987 ], [ 47.705022062315642, -20.794833253511769 ], [ 47.702169999143294, -20.797800004524849 ], [ 47.701965991534543, -20.800027843767065 ], [ 47.701628628855609, -20.803711970486148 ], [ 47.700166610898101, -20.809988820179623 ], [ 47.699249998486486, -20.813920005953079 ], [ 47.699945320118559, -20.818234432420418 ], [ 47.701375019140166, -20.819384009711044 ], [ 47.703610548486608, -20.820389849258536 ], [ 47.708118214083392, -20.819964551769523 ], [ 47.710935877288257, -20.819078097223848 ], [ 47.713191951646799, -20.818175472867846 ], [ 47.712631415906507, -20.816574075282222 ], [ 47.713007694049175, -20.815626768110238 ], [ 47.714594461464763, -20.815675316212367 ], [ 47.717195076891201, -20.818239232103092 ], [ 47.719472985889787, -20.81885331167906 ], [ 47.722073652577549, -20.819785030902164 ], [ 47.724899819771764, -20.821103984708341 ], [ 47.725512783289297, -20.821303164756365 ], [ 47.726369115043703, -20.821453081741367 ], [ 47.727912443405799, -20.82189249948615 ], [ 47.730383992628681, -20.822320360043367 ], [ 47.732847811279115, -20.820656600769333 ], [ 47.734318097603868, -20.819442395498687 ], [ 47.735202410864481, -20.819844410439607 ], [ 47.734856054965, -20.822791147040583 ], [ 47.73489776462231, -20.825548070032728 ], [ 47.735641603779378, -20.827974474186803 ], [ 47.736530145652218, -20.828652509049853 ], [ 47.739784418918831, -20.830839596413064 ], [ 47.739915270276498, -20.830982888092553 ], [ 47.741173888567367, -20.83236116028143 ], [ 47.740661805601064, -20.834045711881235 ], [ 47.739508478136997, -20.835255859410786 ], [ 47.739086473065512, -20.836387034773693 ], [ 47.739900632911215, -20.836997303022677 ], [ 47.741971584524542, -20.836763572820431 ], [ 47.744038857011454, -20.837908455649991 ], [ 47.745458642806128, -20.839797259474334 ], [ 47.745433364662198, -20.841383244478681 ], [ 47.745569039983465, -20.842278131067939 ], [ 47.747336390366534, -20.842967423644456 ], [ 47.749135374402741, -20.844115990097169 ], [ 47.750509851453316, -20.844649633409876 ], [ 47.753210163923001, -20.844062600944856 ], [ 47.756367854498336, -20.844688007481924 ], [ 47.756719555068941, -20.845349747528882 ], [ 47.75721616699812, -20.845894636863786 ], [ 47.758935567328436, -20.846653615207646 ], [ 47.763809397292164, -20.846152886182725 ], [ 47.765782731993973, -20.845942774875407 ], [ 47.769457530947186, -20.846836584076968 ], [ 47.770667813375951, -20.847808856429094 ], [ 47.765530933512466, -20.849927169037745 ], [ 47.760545026438137, -20.851108316129078 ] ] ] } },
{ "type": "Feature", "properties": { "fid": 3, "csb_secto": "CSB1 AMBODIMANGA NORD" }, "geometry": { "type": "Polygon", "coordinates": [ [ [ 47.636899998329596, -20.845620005488215 ], [ 47.627719998570406, -20.828530006092745 ], [ 47.615129998939132, -20.806970005609813 ], [ 47.595379998273891, -20.788570006058141 ], [ 47.580349998537166, -20.779880005518724 ], [ 47.565749998845313, -20.777250005644706 ], [ 47.566175303529278, -20.774396493666298 ], [ 47.566453967458358, -20.772526807630076 ], [ 47.566707319968359, -20.769259148856349 ], [ 47.56667409001853, -20.76481763019758 ], [ 47.566786594306883, -20.761289618590979 ], [ 47.56692999840152, -20.75628000449122 ], [ 47.565620857097421, -20.753981501918499 ], [ 47.565053637595703, -20.752417570089303 ], [ 47.564204778307989, -20.750332932594414 ], [ 47.564047396949732, -20.747851808291188 ], [ 47.563470489051518, -20.744981527553811 ], [ 47.562405431844674, -20.742620230718643 ], [ 47.56886508673459, -20.743355957990612 ], [ 47.57516047325813, -20.744248214962528 ], [ 47.578799999002072, -20.744700005580217 ], [ 47.582551097336975, -20.744726047248889 ], [ 47.583994228632477, -20.743097119616973 ], [ 47.584559355411656, -20.742799211994754 ], [ 47.585557470682531, -20.742273049242872 ], [ 47.585444478062087, -20.742117025861184 ], [ 47.586319999550255, -20.741670005247975 ], [ 47.587987339925881, -20.741438343486404 ], [ 47.589453013627889, -20.741379218457912 ], [ 47.591543230518056, -20.740823301636233 ], [ 47.593269557426659, -20.740614616653552 ], [ 47.593896731131871, -20.740462606946295 ], [ 47.595225400314753, -20.74174206792399 ], [ 47.595205630518301, -20.741903675196269 ], [ 47.595776951827752, -20.742210329624655 ], [ 47.596622115801075, -20.742694103731367 ], [ 47.597392523629196, -20.743133776883543 ], [ 47.597691742463141, -20.743332741094346 ], [ 47.598412001395999, -20.743728146018185 ], [ 47.598960282973984, -20.744081243235701 ], [ 47.59925873198825, -20.744257625469857 ], [ 47.599754532728952, -20.744497595168543 ], [ 47.600550037937523, -20.744959665037044 ], [ 47.600981471501264, -20.74467274173432 ], [ 47.60133766238679, -20.744318579719536 ], [ 47.601549647881548, -20.74406081243756 ], [ 47.601917954433645, -20.743292722162888 ], [ 47.602004060022949, -20.742899746307945 ], [ 47.602077206381566, -20.742070996761203 ], [ 47.602120018607508, -20.741862935908038 ], [ 47.602111596456503, -20.741587473565456 ], [ 47.602220275029204, -20.741125463951608 ], [ 47.602332708271383, -20.740800625231401 ], [ 47.602466939281342, -20.740383607800304 ], [ 47.60251584261551, -20.740382144603352 ], [ 47.603445561746888, -20.740427188047384 ], [ 47.6037908798289, -20.740533234304372 ], [ 47.604012833409143, -20.74059664999837 ], [ 47.605044900785273, -20.740799634178746 ], [ 47.605336774856056, -20.740746263911891 ], [ 47.605673187851153, -20.740553700176218 ], [ 47.605733901981843, -20.740138313215979 ], [ 47.605453185799654, -20.739732032790595 ], [ 47.605024979902637, -20.739306432229778 ], [ 47.604800523509049, -20.739151573470156 ], [ 47.604795681559075, -20.738990698246003 ], [ 47.605148571932716, -20.738522504893826 ], [ 47.605459121325062, -20.738284386899203 ], [ 47.605868737336074, -20.738090192692678 ], [ 47.606354839787763, -20.738008394856035 ], [ 47.606670234727275, -20.737931714161878 ], [ 47.607058054769247, -20.73782969506895 ], [ 47.607375475881348, -20.737821315186146 ], [ 47.608274300602403, -20.737637321989631 ], [ 47.609101172365257, -20.737501241074312 ], [ 47.609632162678189, -20.737369859116757 ], [ 47.610474805851744, -20.737837656767326 ], [ 47.612230000098833, -20.738830004685372 ], [ 47.613941850620471, -20.739291534960596 ], [ 47.616302152806973, -20.739817105958764 ], [ 47.61642502268154, -20.739847635244256 ], [ 47.618929999704889, -20.740470004770863 ], [ 47.620369998661879, -20.740050005187886 ], [ 47.621917674346747, -20.740386117809241 ], [ 47.622282916908702, -20.741158200174517 ], [ 47.62240754405849, -20.741246541478379 ], [ 47.62393431859973, -20.740816475783816 ], [ 47.625235042249216, -20.740185282109469 ], [ 47.626059566781493, -20.739980259166192 ], [ 47.626423072752559, -20.739878932551346 ], [ 47.626797566640406, -20.74014507162228 ], [ 47.626975484916727, -20.740370233983544 ], [ 47.627202786765245, -20.740617070905351 ], [ 47.627404225910361, -20.740818356266324 ], [ 47.627850667360541, -20.741036568666861 ], [ 47.628585069032006, -20.74108622293496 ], [ 47.629190753436824, -20.740909809224583 ], [ 47.629791570710751, -20.74057252029003 ], [ 47.630885654435765, -20.739579133655116 ], [ 47.631120918881649, -20.739274311145735 ], [ 47.631519019973211, -20.738689449643978 ], [ 47.631706462069999, -20.738409238880955 ], [ 47.63205048692685, -20.737664977043242 ], [ 47.632235579095116, -20.737315336819631 ], [ 47.632663323639903, -20.736913754452758 ], [ 47.632855026724499, -20.736793854139712 ], [ 47.633263633696181, -20.736553311572841 ], [ 47.633698771567552, -20.736404609571913 ], [ 47.634501484842218, -20.736291727568197 ], [ 47.634770297597782, -20.736284767714878 ], [ 47.635455291415255, -20.736312722241319 ], [ 47.635725849754841, -20.736374627074408 ], [ 47.636297224124334, -20.736681712278109 ], [ 47.636649948123399, -20.737040010274907 ], [ 47.637325268833401, -20.743272209528328 ], [ 47.637342414408174, -20.743845704498835 ], [ 47.637430431056949, -20.744349259193857 ], [ 47.63813064050413, -20.745686355023484 ], [ 47.638563040839209, -20.74624959592408 ], [ 47.638844335285498, -20.746678961046975 ], [ 47.639475855414148, -20.747374604635691 ], [ 47.63963202988203, -20.747692496093119 ], [ 47.640114610588711, -20.74829998004104 ], [ 47.640372693532946, -20.74875321676825 ], [ 47.64083398998465, -20.74947602258079 ], [ 47.642240790468357, -20.75074941223534 ], [ 47.642611718544288, -20.750900366138701 ], [ 47.643375650354379, -20.751110087140461 ], [ 47.644181561618211, -20.751089162614484 ], [ 47.644785999562778, -20.750866971613299 ], [ 47.645411117417716, -20.750528893973414 ], [ 47.645745144511359, -20.75026739360554 ], [ 47.646149662265692, -20.749889092887791 ], [ 47.646296432522888, -20.749553262653642 ], [ 47.647950994431604, -20.749379532520216 ], [ 47.649434246282496, -20.752024242604254 ], [ 47.65148104390439, -20.753382218893215 ], [ 47.65228408273375, -20.754348720295642 ], [ 47.652404158414782, -20.755474760529619 ], [ 47.651867273945051, -20.755588665062636 ], [ 47.650551554100225, -20.754460942197049 ], [ 47.650111715472541, -20.754850793807087 ], [ 47.649450363033154, -20.756136505072995 ], [ 47.649740600337864, -20.757676303595112 ], [ 47.648737560379544, -20.758869585239019 ], [ 47.64744318054759, -20.759511070754794 ], [ 47.646072750446379, -20.761829878220496 ], [ 47.644382936912308, -20.764975210310066 ], [ 47.64374012939286, -20.766637840935122 ], [ 47.64345075184012, -20.767386316096736 ], [ 47.642736078596648, -20.771107394159959 ], [ 47.641536727427571, -20.773989847221205 ], [ 47.641436723715415, -20.774230187440502 ], [ 47.6408240848532, -20.775469794062399 ], [ 47.640278890648062, -20.779903851945541 ], [ 47.640005446384166, -20.782430554789158 ], [ 47.640906667798525, -20.783350673657104 ], [ 47.646661202043646, -20.78549548748844 ], [ 47.648852106130889, -20.786584098838322 ], [ 47.649869999292193, -20.786250005195047 ], [ 47.65199612161507, -20.786476860080501 ], [ 47.655521631309917, -20.786542573542505 ], [ 47.658659761630737, -20.786474759264546 ], [ 47.660999999942376, -20.786470005448326 ], [ 47.659248688968027, -20.788269467023184 ], [ 47.640219998545071, -20.799900006034175 ], [ 47.647429998287976, -20.807780006092287 ], [ 47.636899998329596, -20.845620005488215 ] ] ] } },
{ "type": "Feature", "properties": { "fid": 4, "csb_secto": "CSB1 ANALAMARINA" }, "geometry": { "type": "Polygon", "coordinates": [ [ [ 47.665599999855196, -21.165170006051337 ], [ 47.639679999743443, -21.14160000550751 ], [ 47.627799999579537, -21.127270004785526 ], [ 47.628227231510692, -21.124681179472908 ], [ 47.628671751109451, -21.121826199800907 ], [ 47.629002915660941, -21.119410764677948 ], [ 47.62910118008417, -21.117106671919505 ], [ 47.629254617914931, -21.114573932826307 ], [ 47.629744573961609, -21.114357267259731 ], [ 47.630731334392308, -21.114034667851531 ], [ 47.631917339622333, -21.113577978626999 ], [ 47.633048640890998, -21.113349739685145 ], [ 47.634041873742497, -21.112751590700153 ], [ 47.63437834159614, -21.111956594508506 ], [ 47.634768069100069, -21.110978875862205 ], [ 47.635008298702921, -21.110112873698398 ], [ 47.635151874568315, -21.109198446639763 ], [ 47.635662492538884, -21.108292120674076 ], [ 47.636164655982959, -21.107752795444775 ], [ 47.637097632458698, -21.106557230422123 ], [ 47.63708073959333, -21.105917915869703 ], [ 47.637071562911132, -21.105570628272723 ], [ 47.636626451558286, -21.104690334082918 ], [ 47.636278999385048, -21.103834179495507 ], [ 47.63437102111412, -21.102893630728499 ], [ 47.632387836137887, -21.101565850076653 ], [ 47.630529998668429, -21.100170005135006 ], [ 47.62828449584044, -21.098562422012225 ], [ 47.626782879833392, -21.097487359848351 ], [ 47.624851368103307, -21.096436757445421 ], [ 47.623267622409763, -21.095707590728029 ], [ 47.621336896687097, -21.094749488094045 ], [ 47.619751330765745, -21.09378892851241 ], [ 47.618462355859307, -21.09291880925214 ], [ 47.617222328353826, -21.092002062841853 ], [ 47.615419999739011, -21.090270004554775 ], [ 47.613312494281828, -21.090178575878266 ], [ 47.611087540962636, -21.089407510646094 ], [ 47.609701141599608, -21.08867682767174 ], [ 47.607579601322492, -21.088506558129421 ], [ 47.605455134651514, -21.087966088062931 ], [ 47.603726939850901, -21.087654205875385 ], [ 47.602293840492706, -21.087247705116141 ], [ 47.600662806647371, -21.086750016698726 ], [ 47.598833837415633, -21.086161136126535 ], [ 47.597547944485832, -21.085661024036249 ], [ 47.596929998724221, -21.084530006054681 ], [ 47.598017691866694, -21.082696196673012 ], [ 47.59850052528266, -21.081397162850344 ], [ 47.598736478609261, -21.080053564922363 ], [ 47.5988252542856, -21.078803534258633 ], [ 47.59953457566359, -21.076204007912985 ], [ 47.598642735077476, -21.075611776466978 ], [ 47.598465578526891, -21.074805715016833 ], [ 47.598495487280161, -21.073522310512008 ], [ 47.59869810903362, -21.072173918298251 ], [ 47.598332682110588, -21.069987732955163 ], [ 47.59806049150135, -21.069064901731934 ], [ 47.597787579635884, -21.068164656082654 ], [ 47.596576202731882, -21.063412170746179 ], [ 47.595899999787363, -21.060600005098657 ], [ 47.595760431300803, -21.057784261048905 ], [ 47.59563602898136, -21.055274272105354 ], [ 47.596587743731213, -21.053704634977194 ], [ 47.599349999704685, -21.051150004586866 ], [ 47.60110967437393, -21.049230955662988 ], [ 47.602329362811886, -21.048317566422039 ], [ 47.603900199636684, -21.047483997408566 ], [ 47.605594319124826, -21.047484514518843 ], [ 47.606442890629275, -21.047484770825616 ], [ 47.606989736889226, -21.047129821004834 ], [ 47.607437816904216, -21.046795315471993 ], [ 47.607952186846447, -21.046783263657282 ], [ 47.609462540666399, -21.047090570993564 ], [ 47.609905938810769, -21.046962712579752 ], [ 47.610279788783899, -21.04667218749222 ], [ 47.610459431060605, -21.046309627608174 ], [ 47.610846060400064, -21.04546915090204 ], [ 47.611370506346482, -21.045021758868824 ], [ 47.612041407787501, -21.04457785890305 ], [ 47.612251516397109, -21.043963299988629 ], [ 47.612073193425822, -21.04320241778014 ], [ 47.611712606654066, -21.041865285078302 ], [ 47.611388983817093, -21.041055736956583 ], [ 47.610686241878952, -21.040742806159539 ], [ 47.610001498072954, -21.040727827051487 ], [ 47.609522730491832, -21.040259210118645 ], [ 47.609543620843617, -21.039365394621971 ], [ 47.609433592388527, -21.03883549248896 ], [ 47.60958240050951, -21.037692389417803 ], [ 47.609821551825199, -21.036872136665782 ], [ 47.609910833819939, -21.036186159889795 ], [ 47.610475027102929, -21.036129721136192 ], [ 47.61127703440981, -21.03637590874758 ], [ 47.611896484737237, -21.036045276594827 ], [ 47.611766053362864, -21.035331478391999 ], [ 47.611094536785494, -21.03474396478941 ], [ 47.610297938900743, -21.034268534592627 ], [ 47.610237768859847, -21.033693684343763 ], [ 47.610566001621613, -21.033265166382286 ], [ 47.61100623505164, -21.033274514834989 ], [ 47.611860367963686, -21.033384846361539 ], [ 47.612380208481916, -21.033120397116832 ], [ 47.613071034402871, -21.032882977895468 ], [ 47.61383493113938, -21.03264730245958 ], [ 47.614476734116238, -21.032408526161277 ], [ 47.614683284108537, -21.031954319065491 ], [ 47.614919703283952, -21.031248681310917 ], [ 47.615154866106394, -21.030611924430431 ], [ 47.61553760048205, -21.029931795945743 ], [ 47.616171754724959, -21.028959728639201 ], [ 47.616722043589668, -21.028443833447064 ], [ 47.617274608638503, -21.027836463713093 ], [ 47.617042607832232, -21.027281452508568 ], [ 47.616516288598007, -21.0267657650598 ], [ 47.615878082909155, -21.025789062647377 ], [ 47.615336353791562, -21.024883379696984 ], [ 47.615067278433933, -21.023822794819374 ], [ 47.615088261415885, -21.022906394648217 ], [ 47.61436845304339, -21.023349515801051 ], [ 47.613769879577902, -21.023841466543644 ], [ 47.612926118547122, -21.024350371305481 ], [ 47.6120194895094, -21.024400173062343 ], [ 47.611261151482474, -21.024384013144459 ], [ 47.610756100315193, -21.024006470555079 ], [ 47.61033107801812, -21.02333198171883 ], [ 47.610257787767914, -21.022275666822416 ], [ 47.610442805292493, -21.021683864353008 ], [ 47.610453461359349, -21.021652299947906 ], [ 47.6107580005825, -21.020750169319527 ], [ 47.610992025762506, -21.020159153756971 ], [ 47.611163183834989, -21.019107907439544 ], [ 47.611080233067369, -21.018464340892557 ], [ 47.610829735904638, -21.017656531160352 ], [ 47.6106166019756, -21.017353728528281 ], [ 47.610236349728666, -21.016864095338452 ], [ 47.609564508496064, -21.01629971499678 ], [ 47.608872699616079, -21.015528281042652 ], [ 47.608297863756022, -21.014988624862827 ], [ 47.607089817941187, -21.014320697480095 ], [ 47.606045770696042, -21.013977366000635 ], [ 47.605668246992224, -21.013373100726305 ], [ 47.605463671911096, -21.012703838749889 ], [ 47.605524044299315, -21.012200973834858 ], [ 47.605464207906984, -21.011626114592811 ], [ 47.605157351130948, -21.011138217094555 ], [ 47.604585251907835, -21.010483922534846 ], [ 47.603941359805781, -21.009759556398603 ], [ 47.602963865989324, -21.008660942788893 ], [ 47.602565563449566, -21.007895349931484 ], [ 47.602822818118163, -21.007351039760039 ], [ 47.603097317286988, -21.007127270448695 ], [ 47.603844876939171, -21.006547383996416 ], [ 47.604441436822562, -21.006147504046183 ], [ 47.604673183120596, -21.005647966622785 ], [ 47.604590265627884, -21.005003828106897 ], [ 47.604288118601382, -21.00430983297548 ], [ 47.603956505287968, -21.003844120852804 ], [ 47.603795297314562, -21.003374546141934 ], [ 47.604179998507611, -21.003000004590334 ], [ 47.607639093269292, -21.00079280658786 ], [ 47.609898602138486, -20.997657025298405 ], [ 47.610909105570315, -20.994139911676452 ], [ 47.610870626277745, -20.989265060985261 ], [ 47.611464273256701, -20.985555835087251 ], [ 47.612259364776875, -20.98106518016986 ], [ 47.612629999673544, -20.978020005576337 ], [ 47.611808727989022, -20.976583195616264 ], [ 47.610452878595787, -20.973762735521557 ], [ 47.610783698707088, -20.973219595368032 ], [ 47.611024333004885, -20.972330447352782 ], [ 47.611038688882665, -20.971711599571549 ], [ 47.61105304565973, -20.971092751790255 ], [ 47.611138042384923, -20.970590272684355 ], [ 47.6114182954162, -20.970114665321258 ], [ 47.611655377391919, -20.969385873621359 ], [ 47.611885912303237, -20.968932063126562 ], [ 47.611949264145387, -20.968314568825001 ], [ 47.612106453947796, -20.967859009148956 ], [ 47.612385138561493, -20.967452287156476 ], [ 47.612712938749297, -20.967023767396419 ], [ 47.612991620664893, -20.966617044504648 ], [ 47.613398578279963, -20.965937877395213 ], [ 47.613656873464116, -20.965347249440384 ], [ 47.61391588360928, -20.964733471137507 ], [ 47.614092314406889, -20.964508115422039 ], [ 47.614345201068275, -20.964146732750546 ], [ 47.614398732313759, -20.964037402169573 ], [ 47.616558911962585, -20.964802541768695 ], [ 47.618665393092137, -20.965994264887748 ], [ 47.621016708353352, -20.967094481089255 ], [ 47.624959864105847, -20.968146781412358 ], [ 47.627922985457147, -20.967800174602232 ], [ 47.631399875104123, -20.966763963150953 ], [ 47.633212625962145, -20.967887574316279 ], [ 47.635245758385523, -20.968757813186318 ], [ 47.637277582295233, -20.968044485329028 ], [ 47.639676707314948, -20.966894387331156 ], [ 47.641171292422243, -20.968431162332564 ], [ 47.640682995624836, -20.970336593722106 ], [ 47.640267793924764, -20.972288359982031 ], [ 47.639387264112209, -20.974676439526995 ], [ 47.639976047557873, -20.975685605666548 ], [ 47.64193494004698, -20.975385420961015 ], [ 47.64372268075882, -20.97577405309061 ], [ 47.644457592345901, -20.97641633180848 ], [ 47.647422168800333, -20.978272784321017 ], [ 47.650238951568923, -20.979096570509491 ], [ 47.653325746788745, -20.980447337832981 ], [ 47.657566303845364, -20.982285554792405 ], [ 47.657710658523619, -20.982348129620263 ], [ 47.660013472447623, -20.98308061843337 ], [ 47.662021779985189, -20.983376564634263 ], [ 47.663769949627692, -20.98434394107715 ], [ 47.664387479003338, -20.98491500068349 ], [ 47.665109121093444, -20.985725110881589 ], [ 47.665938838311384, -20.987253860333112 ], [ 47.666507299776789, -20.988065076697158 ], [ 47.668860020678508, -20.989934171878947 ], [ 47.66956198110573, -20.990237802786623 ], [ 47.670769678882849, -20.990911708862242 ], [ 47.672769276486513, -20.991856327960711 ], [ 47.674305698954633, -20.99237265932415 ], [ 47.675690520007393, -20.99308193573583 ], [ 47.677228957856251, -20.99383803355116 ], [ 47.680455082342675, -20.994869473200026 ], [ 47.681126586329533, -20.995775796467775 ], [ 47.683435530032632, -20.997053734893317 ], [ 47.68481882403659, -20.997571097779169 ], [ 47.685385815110415, -20.998190406013322 ], [ 47.686211743484499, -20.998936732694574 ], [ 47.686982257432653, -20.999761323776191 ], [ 47.688720000335422, -21.000550005827979 ], [ 47.693114679606808, -21.000116488535436 ], [ 47.697176298555839, -20.999813632843587 ], [ 47.700655024618456, -20.999242434741735 ], [ 47.703799999679298, -20.998620004960941 ], [ 47.705457364774865, -21.00070579538685 ], [ 47.706931994825332, -21.003420793783864 ], [ 47.707111997730451, -21.007508544330957 ], [ 47.708747012874682, -21.011994251178514 ], [ 47.708481152593556, -21.014858617074768 ], [ 47.70820714265605, -21.016768921890463 ], [ 47.709953661143338, -21.017300973403177 ], [ 47.711696689361638, -21.017424126564233 ], [ 47.714605637351454, -21.018083653379765 ], [ 47.717378832678548, -21.01983457944338 ], [ 47.718267371853528, -21.021872373051647 ], [ 47.718439520979089, -21.025006013055435 ], [ 47.718020463885409, -21.026917424037222 ], [ 47.719771827919807, -21.02799453665537 ], [ 47.722678648113813, -21.028381325174866 ], [ 47.726016249862973, -21.028219568615246 ], [ 47.730629999488308, -21.027300005528627 ], [ 47.733272071862274, -21.027891407799878 ], [ 47.735898091337823, -21.029370535358954 ], [ 47.738666944738078, -21.030575919179846 ], [ 47.7425947760429, -21.031499692892709 ], [ 47.746227517301222, -21.031880464048392 ], [ 47.749419965774301, -21.031719383779077 ], [ 47.751904663984845, -21.031811101137951 ], [ 47.753050000075518, -21.07015000573432 ], [ 47.747194405414994, -21.070809085586301 ], [ 47.71822999963068, -21.091930005567892 ], [ 47.690549999296273, -21.092230005910974 ], [ 47.697606899354277, -21.116861728973724 ], [ 47.702230631454654, -21.123892268098288 ], [ 47.70371999959508, -21.130050005284897 ], [ 47.700329999749286, -21.184550005830026 ], [ 47.665599999855196, -21.165170006051337 ] ] ] } },
{ "type": "Feature", "properties": { "fid": 5, "csb_secto": "CSB1 MAHASOA" }, "geometry": { "type": "Polygon", "coordinates": [ [ [ 47.766589764751487, -21.529033964614737 ], [ 47.766147390935053, -21.529297669220799 ], [ 47.765795784793312, -21.529507266116095 ], [ 47.765599175007608, -21.529797086135076 ], [ 47.765104179160176, -21.530259857474633 ], [ 47.764607828034521, -21.530543995576988 ], [ 47.763863727174801, -21.531016885188787 ], [ 47.763468453551802, -21.531440263524861 ], [ 47.763077487681564, -21.532330475438059 ], [ 47.762435320479192, -21.533035969301121 ], [ 47.761941109740008, -21.533553520145141 ], [ 47.761543668750797, -21.533743477645512 ], [ 47.761077222781104, -21.533911010550703 ], [ 47.759176927418686, -21.535085097064893 ], [ 47.757002485421758, -21.53696588343292 ], [ 47.754607062910878, -21.538614244514886 ], [ 47.752718976744475, -21.538961292892175 ], [ 47.751962101015152, -21.539316179760455 ], [ 47.750884136738563, -21.541236520110804 ], [ 47.748410639584371, -21.543543092300002 ], [ 47.744307169784761, -21.545412806214884 ], [ 47.741738258158684, -21.547927198238988 ], [ 47.739407990630866, -21.549956508542088 ], [ 47.737289282318862, -21.549709483661907 ], [ 47.735213472567786, -21.549002650708129 ], [ 47.733543926155235, -21.549185776058927 ], [ 47.731549380043766, -21.550659192023318 ], [ 47.730992795924692, -21.551036170737774 ], [ 47.730709533761754, -21.550768174566741 ], [ 47.734474284703808, -21.536498120854727 ], [ 47.72088774091813, -21.527996572351057 ], [ 47.720970000107101, -21.527870004464312 ], [ 47.746830000146502, -21.49662000409548 ], [ 47.762399999602586, -21.476200004923871 ], [ 47.75820000017054, -21.455600004644996 ], [ 47.763502466806472, -21.452502617212506 ], [ 47.765904613548436, -21.454725134266983 ], [ 47.766782319489906, -21.455599308570275 ], [ 47.768710349045058, -21.456238058348422 ], [ 47.772503122863021, -21.458380892771771 ], [ 47.77532999962223, -21.459550004236601 ], [ 47.777895958774288, -21.460918155455158 ], [ 47.779513600815058, -21.463214344072256 ], [ 47.781574218318987, -21.466321964890739 ], [ 47.78260772640914, -21.46821534626422 ], [ 47.783170000538874, -21.469920003107699 ], [ 47.788300201137709, -21.471700696731208 ], [ 47.792518771568815, -21.472752787512206 ], [ 47.79688762950579, -21.474346904186664 ], [ 47.800979168000019, -21.477301624069685 ], [ 47.804490368581895, -21.480261049205584 ], [ 47.807269630735497, -21.482547271535832 ], [ 47.809607133309513, -21.484157911454197 ], [ 47.810632069061846, -21.485100260663778 ], [ 47.81149507018845, -21.484278012316199 ], [ 47.812202582130588, -21.482370325427027 ], [ 47.813197732336533, -21.480188551258756 ], [ 47.814182494473506, -21.476920125363371 ], [ 47.81530000014186, -21.475100004562538 ], [ 47.817012187009823, -21.472964800887077 ], [ 47.817712458510371, -21.475498465382696 ], [ 47.817736297739202, -21.475915762503071 ], [ 47.817981150756978, -21.480201733521518 ], [ 47.817421806618569, -21.482184123495664 ], [ 47.816497732532042, -21.486008704533155 ], [ 47.817714446012829, -21.48837948471931 ], [ 47.818930061421305, -21.48912024189918 ], [ 47.819208345836593, -21.489627456834906 ], [ 47.820042843850466, -21.491148426251293 ], [ 47.819402083187939, -21.492626917090188 ], [ 47.816505246368287, -21.496065331039834 ], [ 47.813639368710135, -21.499916875550706 ], [ 47.8108289009811, -21.502573337075596 ], [ 47.807769124993001, -21.503442370853865 ], [ 47.804371300142918, -21.503076401639749 ], [ 47.803352379056719, -21.505593118411447 ], [ 47.80271478400774, -21.507301248436676 ], [ 47.800487890851038, -21.509582176457698 ], [ 47.799788886495556, -21.512071670751016 ], [ 47.801866252073836, -21.514499754838624 ], [ 47.803321707678919, -21.516408355439133 ], [ 47.804760944910193, -21.518891080535422 ], [ 47.804467694876841, -21.520594088921705 ], [ 47.804430243509621, -21.522936701441886 ], [ 47.804642517686887, -21.52578661253494 ], [ 47.801888807071457, -21.52558939390816 ], [ 47.798936338189819, -21.525423689324526 ], [ 47.796424930114561, -21.525206029107615 ], [ 47.795443517052725, -21.525156181485208 ], [ 47.794597124605588, -21.525349922433413 ], [ 47.793749407457142, -21.525403614657527 ], [ 47.792801025594677, -21.52536475944849 ], [ 47.791952428009857, -21.525325075064501 ], [ 47.791081219670261, -21.525317548638306 ], [ 47.790208854802387, -21.525619570658733 ], [ 47.789413659860017, -21.525952926857943 ], [ 47.788669669617043, -21.526425914495949 ], [ 47.787874026812283, -21.526712581491871 ], [ 47.787073121174927, -21.526439049094364 ], [ 47.786319041437849, -21.52583832445093 ], [ 47.78576628663204, -21.525422687478983 ], [ 47.785313319701075, -21.525006230325467 ], [ 47.785010028736941, -21.524588541100695 ], [ 47.784707178440584, -21.524217535683267 ], [ 47.784152246376017, -21.523568479674481 ], [ 47.783650710658655, -21.523292473242037 ], [ 47.783001686125722, -21.523251107125905 ], [ 47.782114236029919, -21.523078925624979 ], [ 47.781253746709766, -21.523078679210673 ], [ 47.780205594059481, -21.523040570438926 ], [ 47.778957874652647, -21.523004086742123 ], [ 47.778009940652559, -21.523011831703535 ], [ 47.777491714417451, -21.523092739211357 ], [ 47.777063310669561, -21.523159621791844 ], [ 47.776215156450533, -21.523166542074982 ], [ 47.775567437733244, -21.523265198602626 ], [ 47.774721455377019, -21.523505528030125 ], [ 47.774126231886214, -21.523883872814711 ], [ 47.773630786377751, -21.524261400115453 ], [ 47.77348469510865, -21.524682683031166 ], [ 47.77313490649675, -21.52459224540759 ], [ 47.77283251665331, -21.524267898616515 ], [ 47.772578719877941, -21.523803097507145 ], [ 47.77218420977934, -21.523535049175411 ], [ 47.771873296161502, -21.523061845700131 ], [ 47.771421238445114, -21.522738713893173 ], [ 47.7708685313034, -21.522323023861308 ], [ 47.770170920896923, -21.522422064399549 ], [ 47.769577852181783, -21.523033809335239 ], [ 47.76908412977447, -21.523598060174379 ], [ 47.768638130790656, -21.523928488181095 ], [ 47.767997320665408, -21.524774048754765 ], [ 47.767552613108137, -21.525244524586295 ], [ 47.767406825810006, -21.525665887541503 ], [ 47.767812885901591, -21.526409584605144 ], [ 47.768218517916033, -21.527106597861327 ], [ 47.768224573950683, -21.527760164869495 ], [ 47.768029760111155, -21.528275299235208 ], [ 47.76766645109165, -21.528621179393198 ], [ 47.767386764633294, -21.528887442570504 ], [ 47.76661858082857, -21.529028666708626 ], [ 47.766589764751487, -21.529033964614737 ] ] ] } },
{ "type": "Feature", "properties": { "fid": 6, "csb_secto": "CSB1 MAROMANANA" }, "geometry": { "type": "Polygon", "coordinates": [ [ [ 47.554899999429765, -20.998470006129303 ], [ 47.531219998297068, -21.009350006034161 ], [ 47.511469999430282, -20.985470004684775 ], [ 47.487049999245365, -20.991000006088843 ], [ 47.462349999637432, -20.987320005457835 ], [ 47.457598943318565, -20.952193074513076 ], [ 47.457557243553829, -20.951879327131749 ], [ 47.457699501013003, -20.950846957584055 ], [ 47.458054972440848, -20.950186490077861 ], [ 47.458530543831387, -20.949642161919993 ], [ 47.459297247352026, -20.949264310863221 ], [ 47.4604019925399, -20.949144112874613 ], [ 47.461360219280785, -20.948999393071794 ], [ 47.462930342943224, -20.948863922796242 ], [ 47.463840017085438, -20.948695209980482 ], [ 47.464578520564672, -20.948500434811933 ], [ 47.464810305533476, -20.94790620057578 ], [ 47.464527428280498, -20.947326967930483 ], [ 47.464368194318958, -20.946680355379765 ], [ 47.464831324488259, -20.945515604727699 ], [ 47.464842517450428, -20.944918202179959 ], [ 47.4639784299426, -20.943983999928761 ], [ 47.463675782892949, -20.943151382397904 ], [ 47.463570853593865, -20.942230048545888 ], [ 47.46381825349134, -20.940808597207731 ], [ 47.464209073671618, -20.939573713825197 ], [ 47.464629829584695, -20.938063127081968 ], [ 47.464634947626315, -20.936499746537169 ], [ 47.4644823614533, -20.935508690944992 ], [ 47.464160838533253, -20.934376954405163 ], [ 47.463820697848242, -20.933612639484256 ], [ 47.463738114004094, -20.933427068876814 ], [ 47.463046726906079, -20.932427439148178 ], [ 47.462743665269066, -20.931617402694531 ], [ 47.462587119381105, -20.93083357338476 ], [ 47.462601417702245, -20.93007467597991 ], [ 47.462988542568162, -20.929046455004897 ], [ 47.463570403032691, -20.928067295644667 ], [ 47.464131898349393, -20.926881055692281 ], [ 47.464401852344487, -20.925552053761141 ], [ 47.464511130764905, -20.923668474998067 ], [ 47.464536480854598, -20.922335882973265 ], [ 47.464554310813462, -20.921393468113202 ], [ 47.464789158873195, -20.920638306492211 ], [ 47.464970606988572, -20.920112693226088 ], [ 47.465295894470572, -20.919749935491158 ], [ 47.465819749562442, -20.919252720117267 ], [ 47.46619489635804, -20.918845052937392 ], [ 47.466458195370102, -20.91786105522463 ], [ 47.466426451999723, -20.916963547111628 ], [ 47.466043908280184, -20.916474685540077 ], [ 47.465632309264102, -20.916215225734039 ], [ 47.464631808091767, -20.916037833561106 ], [ 47.463808914030324, -20.915518338382814 ], [ 47.463408378474043, -20.914684049012219 ], [ 47.463426658993129, -20.913718482904784 ], [ 47.463792788286632, -20.912483180438301 ], [ 47.464269417279809, -20.911893101069914 ], [ 47.465112332048506, -20.91135498902598 ], [ 47.465664037345519, -20.910674677978861 ], [ 47.465773927304937, -20.910055777137604 ], [ 47.465592755281449, -20.909270966667446 ], [ 47.465496257126468, -20.907913141464668 ], [ 47.464737558471278, -20.906589838537197 ], [ 47.464632221779233, -20.905691646040076 ], [ 47.464871474718436, -20.904706663569744 ], [ 47.465154092966678, -20.903998634517752 ], [ 47.46597351294696, -20.903414366568459 ], [ 47.466740555511933, -20.902990194131199 ], [ 47.467164196450277, -20.90260650737369 ], [ 47.467356222391416, -20.901528652814982 ], [ 47.467014552858906, -20.900166676341581 ], [ 47.46718371173845, -20.898996932653557 ], [ 47.46755008564741, -20.89776162119373 ], [ 47.468084608497385, -20.896689579852652 ], [ 47.467938685401364, -20.895353507451603 ], [ 47.467661794935147, -20.894452408345614 ], [ 47.467459841377739, -20.893483665832605 ], [ 47.467175558484286, -20.891685466905844 ], [ 47.466907521843652, -20.890324731496953 ], [ 47.466604546541461, -20.889515251723662 ], [ 47.465947274325991, -20.888032673466029 ], [ 47.464921720739298, -20.886590160904809 ], [ 47.464231884971902, -20.885521620624434 ], [ 47.462282615228546, -20.88371884234973 ], [ 47.461728052785389, -20.883272786708972 ], [ 47.460961551612144, -20.882363912963807 ], [ 47.460400532036587, -20.880975009889109 ], [ 47.460291145697354, -20.878996185726781 ], [ 47.460569355468849, -20.877253276220078 ], [ 47.461248868817641, -20.874987936147924 ], [ 47.461332799846247, -20.874437506989285 ], [ 47.461686701957127, -20.873704206088515 ], [ 47.462331767674414, -20.874037925613912 ], [ 47.46463188093427, -20.874726885441362 ], [ 47.467667209751909, -20.874314319654449 ], [ 47.471853342536001, -20.872707314796113 ], [ 47.473885299545401, -20.872019045648379 ], [ 47.475255726049561, -20.872133721799727 ], [ 47.476356740849681, -20.872983455227846 ], [ 47.478631906916071, -20.874957968939714 ], [ 47.47963491539835, -20.875876031957532 ], [ 47.481103794284117, -20.875416989207206 ], [ 47.482744776429776, -20.873328011584185 ], [ 47.484482396125287, -20.873420018524804 ], [ 47.485496111036525, -20.874847196745851 ], [ 47.485607542433975, -20.875004078080721 ], [ 47.486830346123639, -20.876932487148629 ], [ 47.487735845613017, -20.877345231001534 ], [ 47.48842088799389, -20.877758773452371 ], [ 47.488566805693992, -20.879755961770847 ], [ 47.487611961303358, -20.8804444908228 ], [ 47.486436466450122, -20.881707444744304 ], [ 47.486999027463675, -20.882855157740238 ], [ 47.488908131685584, -20.882671657372224 ], [ 47.490450580510611, -20.881821942830065 ], [ 47.49255578460275, -20.881592579735653 ], [ 47.495418816806264, -20.883015527545826 ], [ 47.497131536972411, -20.884874727487144 ], [ 47.496592492331267, -20.886206586564441 ], [ 47.494169190836885, -20.886275390096756 ], [ 47.492945474335471, -20.88606905414315 ], [ 47.491843483771028, -20.887148093108937 ], [ 47.493850047523182, -20.888548169360817 ], [ 47.494495651934457, -20.888940917687336 ], [ 47.494876358338871, -20.889172514697869 ], [ 47.496566457857639, -20.890200661928599 ], [ 47.500163585063788, -20.892726075144687 ], [ 47.501876643375063, -20.894103053209225 ], [ 47.504717198822732, -20.896650199441783 ], [ 47.505767424410351, -20.897591929018517 ], [ 47.508435229985473, -20.899129913608096 ], [ 47.511808213762151, -20.901578822397159 ], [ 47.51222876552923, -20.901884153922857 ], [ 47.51531256151015, -20.904431673374162 ], [ 47.518004723424291, -20.906566105431565 ], [ 47.519644424036272, -20.907851327466357 ], [ 47.522410407699873, -20.910123531164544 ], [ 47.525126979012995, -20.912900737466284 ], [ 47.52857829373999, -20.915975764155913 ], [ 47.529726875481799, -20.916859031504469 ], [ 47.532666282610151, -20.919119415412997 ], [ 47.536166988103759, -20.921437417086416 ], [ 47.539031099493812, -20.923180800536038 ], [ 47.540451128105417, -20.924007104826174 ], [ 47.540940613806747, -20.924947876624948 ], [ 47.539569758326017, -20.925247020814812 ], [ 47.537978166047729, -20.925316115727501 ], [ 47.53834518656938, -20.926762425226297 ], [ 47.539936736579563, -20.927335810479676 ], [ 47.542311480079491, -20.928299261381831 ], [ 47.544221033962643, -20.928803343079647 ], [ 47.545151665006422, -20.927402743422508 ], [ 47.547159247690331, -20.92682837880778 ], [ 47.548946562123618, -20.928709638219374 ], [ 47.550170458489667, -20.931303127416243 ], [ 47.551361617734344, -20.931058030682717 ], [ 47.551029999025118, -20.931330005454299 ], [ 47.53941999872405, -20.954150004685079 ], [ 47.546999998442672, -20.964620005469857 ], [ 47.580619273556671, -20.983902868575136 ], [ 47.586330000026315, -20.987500005671709 ], [ 47.558230000108502, -20.988420005827507 ], [ 47.554899999429765, -20.998470006129303 ] ] ] } },
{ "type": "Feature", "properties": { "fid": 7, "csb_secto": "CSB2 AMBIABE" }, "geometry": { "type": "Polygon", "coordinates": [ [ [ 47.629879999294666, -21.502330004801902 ], [ 47.609100000594644, -21.499800004143101 ], [ 47.606835676754919, -21.498402380342412 ], [ 47.604635536630241, -21.496928834875309 ], [ 47.601735485633291, -21.494994845514114 ], [ 47.59654059679967, -21.492146295095136 ], [ 47.592646243657306, -21.490219189144796 ], [ 47.589347176958285, -21.488101626570241 ], [ 47.588239771575687, -21.486433973231584 ], [ 47.587299999822363, -21.484570005084969 ], [ 47.585239182669227, -21.484314215412006 ], [ 47.58413707339411, -21.483298060640784 ], [ 47.58382606264945, -21.481717858277189 ], [ 47.583814134041759, -21.48022863942559 ], [ 47.583801460795371, -21.478646341641671 ], [ 47.583686554417483, -21.478029579388195 ], [ 47.583593633765659, -21.477530820777577 ], [ 47.583192148525207, -21.476142265740616 ], [ 47.582473722410597, -21.47428081119908 ], [ 47.582020000049027, -21.47318000414305 ], [ 47.581408461057649, -21.472327628506815 ], [ 47.580750553920709, -21.470197275774343 ], [ 47.580041871960496, -21.468619836128077 ], [ 47.57854662944883, -21.468164869105149 ], [ 47.577745215694499, -21.467425806248023 ], [ 47.575952425289415, -21.467065973108394 ], [ 47.575145854822374, -21.465675355925828 ], [ 47.574145605460259, -21.464937655541569 ], [ 47.572353585774103, -21.464670859066125 ], [ 47.570755284553286, -21.463751124208624 ], [ 47.570153533782992, -21.463103718455777 ], [ 47.569329998504912, -21.46165000573788 ], [ 47.567656698322089, -21.461724761882831 ], [ 47.566165220372625, -21.461735067214082 ], [ 47.564471947146473, -21.461374420187987 ], [ 47.56228444699326, -21.461389491926038 ], [ 47.560591913009816, -21.461121883362765 ], [ 47.55621181534606, -21.46050034930629 ], [ 47.554239170424246, -21.460438160287367 ], [ 47.553694830574791, -21.459727240814392 ], [ 47.553395565875377, -21.458854329159259 ], [ 47.553318013737986, -21.458072479257257 ], [ 47.553265063454489, -21.457313322847764 ], [ 47.553681271496039, -21.456943563890768 ], [ 47.553724046849808, -21.455701116310532 ], [ 47.553644059348294, -21.454412935506351 ], [ 47.553095891984114, -21.452897076937084 ], [ 47.552696399641341, -21.451656517933145 ], [ 47.552101953164644, -21.450738760684843 ], [ 47.551239461054188, -21.450282323270415 ], [ 47.550328243675388, -21.449917943158539 ], [ 47.54924494462027, -21.449600450100753 ], [ 47.548258995377985, -21.449006536922493 ], [ 47.547443714976971, -21.448181708419863 ], [ 47.546923410408482, -21.447332860824073 ], [ 47.546866219821538, -21.447269545854134 ], [ 47.546777096107476, -21.446522089624377 ], [ 47.545922103443431, -21.444949785106949 ], [ 47.545679618340699, -21.442933473604494 ], [ 47.543829999775426, -21.440700004606157 ], [ 47.542615775618181, -21.440543903882727 ], [ 47.541914093081502, -21.440408505552785 ], [ 47.540325943407879, -21.440102043579191 ], [ 47.538340793413063, -21.439686532512333 ], [ 47.5362357143267, -21.439279916639819 ], [ 47.533732805743995, -21.438340840063052 ], [ 47.532138217823942, -21.437501854432675 ], [ 47.530370000494337, -21.435920003611717 ], [ 47.5289482838553, -21.435717630071068 ], [ 47.527466373793068, -21.434771633211252 ], [ 47.525419735351207, -21.434148013627059 ], [ 47.523140616764429, -21.432782442563369 ], [ 47.520862223930678, -21.4321740044347 ], [ 47.520255809276307, -21.431982997425351 ], [ 47.51946876668822, -21.43187107589743 ], [ 47.518583845485971, -21.431851812419179 ], [ 47.517723077375926, -21.431717227076341 ], [ 47.516687706789931, -21.431054286434456 ], [ 47.515456972878546, -21.430668106756116 ], [ 47.514547121569862, -21.430579835599421 ], [ 47.513465448489065, -21.430492125619498 ], [ 47.512728111430569, -21.430495003450059 ], [ 47.511523494730717, -21.430453813600955 ], [ 47.510588796053142, -21.430227380497563 ], [ 47.50962602413864, -21.429311021695099 ], [ 47.509206160352967, -21.428875722845387 ], [ 47.508613054765469, -21.428210676890615 ], [ 47.507774027765812, -21.42743207893702 ], [ 47.507133474846597, -21.427112529129761 ], [ 47.506173356831439, -21.426748216467022 ], [ 47.504720654950617, -21.426178812512422 ], [ 47.503489987589042, -21.425792540203915 ], [ 47.501939589656352, -21.425338345698606 ], [ 47.500660524379605, -21.425090388221463 ], [ 47.499724806770239, -21.424679870190609 ], [ 47.498935988920422, -21.424200086375809 ], [ 47.497920166897813, -21.423921043832163 ], [ 47.497779409507714, -21.42388244133269 ], [ 47.496844597515604, -21.423633068322598 ], [ 47.496064951851373, -21.422939904164675 ], [ 47.496464919036107, -21.42239352015665 ], [ 47.497290618982277, -21.421159792402996 ], [ 47.497756891382735, -21.419705053558708 ], [ 47.498226050607073, -21.418641141189632 ], [ 47.498818176832735, -21.418078945301382 ], [ 47.499823540639184, -21.416955711851639 ], [ 47.500532004963368, -21.416001907077902 ], [ 47.501066973877094, -21.415775087266155 ], [ 47.502135661646911, -21.415153943515698 ], [ 47.503086750468619, -21.414756902725173 ], [ 47.504096628871793, -21.414247801911195 ], [ 47.504748756065759, -21.413741030341306 ], [ 47.505876203739433, -21.413007811278952 ], [ 47.506826020919789, -21.412443253771034 ], [ 47.507536919708684, -21.411824418580235 ], [ 47.508067693285085, -21.411039255575851 ], [ 47.508590391848763, -21.409869160252871 ], [ 47.507105029289121, -21.408726412413834 ], [ 47.506115373041375, -21.408041401509621 ], [ 47.503759189749786, -21.405636589178588 ], [ 47.501647492552316, -21.402999656431636 ], [ 47.500649358395549, -21.40116218860765 ], [ 47.500120595703208, -21.399928230627516 ], [ 47.540919999575443, -21.388150004951758 ], [ 47.558353488742, -21.399639512281393 ], [ 47.557606426414736, -21.3985209813865 ], [ 47.557132204007125, -21.396881983146148 ], [ 47.556845929115404, -21.395673867185028 ], [ 47.556743558387524, -21.394378063727139 ], [ 47.556270705647385, -21.392911917882035 ], [ 47.556292843358769, -21.391110013748371 ], [ 47.556131286448355, -21.390241063606886 ], [ 47.557909271314479, -21.387944978412104 ], [ 47.558500388500796, -21.386995408545939 ], [ 47.559375768795441, -21.385825435530727 ], [ 47.560907197328014, -21.384462994108045 ], [ 47.562520278007263, -21.383719797966936 ], [ 47.564642859699184, -21.383276226253898 ], [ 47.567005996548694, -21.383189996558336 ], [ 47.568705973321364, -21.383157414120646 ], [ 47.570060833460111, -21.382656403607729 ], [ 47.572522727561463, -21.381643081701242 ], [ 47.57327397803121, -21.380455838105426 ], [ 47.573814476876251, -21.379485121580664 ], [ 47.574313287647676, -21.378655250579456 ], [ 47.574867783540924, -21.377015507700506 ], [ 47.574898248974385, -21.375261410627544 ], [ 47.574821734654698, -21.373812314129712 ], [ 47.575052756099069, -21.372118357419936 ], [ 47.577276658110669, -21.371488227643688 ], [ 47.60164999966895, -21.364580003513598 ], [ 47.61986999992429, -21.379300004234128 ], [ 47.617699998779806, -21.385070004116418 ], [ 47.619230000988495, -21.396370003605796 ], [ 47.614179998332681, -21.39915000589928 ], [ 47.619170000920583, -21.413270005929903 ], [ 47.623556681623405, -21.441124345221322 ], [ 47.624557982292956, -21.440684490406202 ], [ 47.625684738387925, -21.439942801528819 ], [ 47.626517102310359, -21.439363830586423 ], [ 47.627547951105129, -21.439129158793946 ], [ 47.627894880772232, -21.439633537267994 ], [ 47.62782512215977, -21.440346971245344 ], [ 47.627535207711809, -21.441268597376951 ], [ 47.627513739096074, -21.441843666161041 ], [ 47.628522870162612, -21.44211519217108 ], [ 47.629503402788174, -21.441627426873278 ], [ 47.630114604533752, -21.441026338903757 ], [ 47.63067609445455, -21.440356746876201 ], [ 47.63146183392498, -21.440191850783187 ], [ 47.631807743760831, -21.440535352234491 ], [ 47.631982567470075, -21.441040692083732 ], [ 47.631986188140729, -21.441730730198103 ], [ 47.632162129707176, -21.442443221686034 ], [ 47.632654147899288, -21.442555919328953 ], [ 47.633610057087232, -21.442045164661653 ], [ 47.634860859370029, -21.441579104501461 ], [ 47.635696117310872, -21.441460114302295 ], [ 47.636997743879817, -21.441269975138844 ], [ 47.638077059837578, -21.440919734168268 ], [ 47.638786108721099, -21.440272181825993 ], [ 47.639568154675793, -21.439486360517922 ], [ 47.640765953615052, -21.438238578159357 ], [ 47.641793567548333, -21.437405507370272 ], [ 47.643165771112699, -21.436685620757316 ], [ 47.644415362908042, -21.43601262659433 ], [ 47.645592526003746, -21.435546752593723 ], [ 47.647014877564118, -21.434987902183558 ], [ 47.648067320879775, -21.434246623397044 ], [ 47.649173254072032, -21.433547591162892 ], [ 47.651293924704667, -21.433379100479836 ], [ 47.652769999965464, -21.433150005383396 ], [ 47.655052027858929, -21.433809800196865 ], [ 47.65635784796666, -21.433800119894439 ], [ 47.657337211473475, -21.43379285247298 ], [ 47.658316574980404, -21.4337855787563 ], [ 47.65978821208693, -21.434080310872517 ], [ 47.661013715541337, -21.43422402613275 ], [ 47.662729551858256, -21.434440496546486 ], [ 47.664200549546777, -21.434658775496846 ], [ 47.666049999938792, -21.434630005285307 ], [ 47.675269562671993, -21.430511615736094 ], [ 47.68491999869137, -21.426200003248034 ], [ 47.675769998519804, -21.454250004438848 ], [ 47.673879999495838, -21.460970004063405 ], [ 47.6662500001704, -21.46458000416245 ], [ 47.65154999946477, -21.466530004153064 ], [ 47.628119999967957, -21.470030004574536 ], [ 47.640669999553502, -21.494800004697122 ], [ 47.629879999294666, -21.502330004801902 ] ] ] } },
{ "type": "Feature", "properties": { "fid": 8, "csb_secto": "CSB2 AMBOHIMANGA DU SUD" }, "geometry": { "type": "Polygon", "coordinates": [ [ [ 47.603969660567991, -20.955963040630614 ], [ 47.599569999951541, -20.95280000448696 ], [ 47.591906970325454, -20.950192356363363 ], [ 47.582082191733633, -20.945938711475229 ], [ 47.576574988138354, -20.943606623720537 ], [ 47.572288458637992, -20.940920617667427 ], [ 47.571953793925005, -20.940710907457536 ], [ 47.566193226128277, -20.938452775451246 ], [ 47.564861163803357, -20.938597034801159 ], [ 47.563906227681784, -20.938275957945049 ], [ 47.562094380642463, -20.937243583900663 ], [ 47.559719357453339, -20.935477604984666 ], [ 47.557344307284581, -20.934101144030379 ], [ 47.555140863950051, -20.932563737704822 ], [ 47.553622603290606, -20.931439555470114 ], [ 47.552741472730766, -20.930774103021747 ], [ 47.551361617734344, -20.931058030682717 ], [ 47.550170458489667, -20.931303127416243 ], [ 47.548946562123618, -20.928709638219374 ], [ 47.547159247690331, -20.92682837880778 ], [ 47.548162164441578, -20.925100974512432 ], [ 47.548841398101146, -20.923007465205558 ], [ 47.549382630792799, -20.921045424191274 ], [ 47.550645090087784, -20.917908080779345 ], [ 47.551149998262808, -20.916980005609258 ], [ 47.555936080475149, -20.915483838595879 ], [ 47.559663896261398, -20.913081007471646 ], [ 47.56186739085701, -20.909927239741265 ], [ 47.564782272573574, -20.907149209660904 ], [ 47.565572711900813, -20.904575564005022 ], [ 47.566570613132939, -20.902666404026398 ], [ 47.566333898080522, -20.902259541739728 ], [ 47.565699998345735, -20.901170004987531 ], [ 47.566243946090687, -20.899624575810247 ], [ 47.566122612258006, -20.896961873889406 ], [ 47.565730770447885, -20.895726352887543 ], [ 47.565189369582775, -20.894019204022587 ], [ 47.565185065427393, -20.893448479863348 ], [ 47.565376025671917, -20.891925200987956 ], [ 47.566373857656231, -20.890016041009243 ], [ 47.568584828316112, -20.887908528358871 ], [ 47.570730000977946, -20.88730000479481 ], [ 47.571705950658227, -20.885699778126586 ], [ 47.572303863121924, -20.884459144479024 ], [ 47.572290159252468, -20.882651850708356 ], [ 47.572375506713179, -20.880558517668597 ], [ 47.572363971109148, -20.87903658597763 ], [ 47.573265483903818, -20.877793917164183 ], [ 47.573861630998188, -20.875590462139915 ], [ 47.574549999971111, -20.872900004442883 ], [ 47.573624863784886, -20.871798591243838 ], [ 47.572504395749576, -20.870854835494573 ], [ 47.571312115050155, -20.869719230970524 ], [ 47.571245520252674, -20.868922885795815 ], [ 47.571392312992835, -20.866650611051334 ], [ 47.570168521847563, -20.864952070496933 ], [ 47.568601936118007, -20.8635527712593 ], [ 47.567990221758656, -20.861808349992156 ], [ 47.568675278528659, -20.860775121591939 ], [ 47.569727516798814, -20.860086093416292 ], [ 47.569556237317776, -20.859397320648014 ], [ 47.568112294833732, -20.859397915099823 ], [ 47.567231396298972, -20.859191500005878 ], [ 47.567427093272762, -20.858020953223274 ], [ 47.568063496720043, -20.857148390505156 ], [ 47.568430278021992, -20.856642908562897 ], [ 47.568528320312709, -20.856183817249239 ], [ 47.566032199812881, -20.855518983534324 ], [ 47.564955421741935, -20.854900022438414 ], [ 47.564392518086677, -20.854165289816947 ], [ 47.564441562614448, -20.85317864090274 ], [ 47.565934150327372, -20.852466386835911 ], [ 47.566815012889101, -20.851157476658621 ], [ 47.566520172854148, -20.850420010997492 ], [ 47.567250000573594, -20.849930004589094 ], [ 47.568268396455764, -20.847631511009833 ], [ 47.568119591932046, -20.846326136067361 ], [ 47.567966851974873, -20.844498242425882 ], [ 47.56697348512423, -20.841761479536089 ], [ 47.566268869898273, -20.840459797209913 ], [ 47.566120092354112, -20.839154417770839 ], [ 47.566101436817462, -20.836672440011153 ], [ 47.565662985843495, -20.833801338192792 ], [ 47.566893902316998, -20.83118041967353 ], [ 47.566174623645011, -20.827919266595558 ], [ 47.566569998891325, -20.826000005431585 ], [ 47.565581578311885, -20.822958983007887 ], [ 47.565278213603101, -20.819564419101777 ], [ 47.564837892039307, -20.816432033652081 ], [ 47.564813412492967, -20.813166250864207 ], [ 47.565019999357432, -20.81078000593627 ], [ 47.565055053131928, -20.80833104768465 ], [ 47.565030582578856, -20.805065257702161 ], [ 47.565278093992127, -20.801013835269085 ], [ 47.565235047042755, -20.795266032453267 ], [ 47.565624403126485, -20.791605574991159 ], [ 47.566281782360939, -20.786636952889573 ], [ 47.565825942095742, -20.78141441979886 ], [ 47.565749998845313, -20.777250005644706 ], [ 47.580349998537166, -20.779880005518724 ], [ 47.595379998273891, -20.788570006058141 ], [ 47.615129998939132, -20.806970005609813 ], [ 47.627719998570406, -20.828530006092745 ], [ 47.636899998329596, -20.845620005488215 ], [ 47.647429998287976, -20.807780006092287 ], [ 47.640219998545071, -20.799900006034175 ], [ 47.659248688968027, -20.788269467023184 ], [ 47.660999999942376, -20.786470005448326 ], [ 47.662728912401981, -20.788080385462681 ], [ 47.664919072749917, -20.790198934593366 ], [ 47.667399378671639, -20.792360772590833 ], [ 47.669155822976442, -20.794573201050561 ], [ 47.672123956249678, -20.797321768441705 ], [ 47.674649998992727, -20.800120004490182 ], [ 47.674519195299062, -20.800174062738222 ], [ 47.67455870881188, -20.800203906740339 ], [ 47.670079998687306, -20.804320004817367 ], [ 47.669686590258344, -20.807768314007674 ], [ 47.669868280291539, -20.811469703213458 ], [ 47.672639790289253, -20.814748771686162 ], [ 47.672699999900267, -20.814820005186736 ], [ 47.670277568950098, -20.823122704592237 ], [ 47.670219998849234, -20.823320005956518 ], [ 47.670062508673247, -20.824308163033766 ], [ 47.669812113134, -20.825879234580622 ], [ 47.66958825748771, -20.827915914828143 ], [ 47.669514720823344, -20.828584965463946 ], [ 47.669536338726793, -20.83122831127632 ], [ 47.66977558357241, -20.835097737007725 ], [ 47.670469811628635, -20.835967839180693 ], [ 47.670803598603449, -20.83770772786475 ], [ 47.670943712079044, -20.839208695459519 ], [ 47.670890143062067, -20.840470751857705 ], [ 47.670840018448636, -20.84215333664023 ], [ 47.670852326570277, -20.843655228738122 ], [ 47.671377369666708, -20.845333646062294 ], [ 47.672169889126181, -20.848452021873097 ], [ 47.67289606739692, -20.851270474681023 ], [ 47.673680757358582, -20.853427623613165 ], [ 47.674470411577985, -20.856185521470444 ], [ 47.67475000001037, -20.858400004880973 ], [ 47.675773379036237, -20.859179996783656 ], [ 47.674331758601809, -20.861632576605075 ], [ 47.672683986574789, -20.863923096795066 ], [ 47.671029153970245, -20.865359197189893 ], [ 47.669674963826424, -20.866508288846493 ], [ 47.669000001047159, -20.868000005115391 ], [ 47.664651684525481, -20.87429958697205 ], [ 47.664120084472444, -20.879423737828137 ], [ 47.662452521964667, -20.885903525836437 ], [ 47.662369999274787, -20.893100006065957 ], [ 47.662847157969075, -20.899105645411627 ], [ 47.663182411738383, -20.905031969948688 ], [ 47.663799805316636, -20.910414862052679 ], [ 47.664350015940542, -20.912463296439331 ], [ 47.665220000303044, -20.91570000504483 ], [ 47.665900431860173, -20.921720521875113 ], [ 47.668293669918135, -20.924979759397292 ], [ 47.668297319366964, -20.925203588963232 ], [ 47.669157001995565, -20.929197142720774 ], [ 47.669600088075335, -20.931996883334744 ], [ 47.671853799015672, -20.933784760742544 ], [ 47.675625553878824, -20.935800882488365 ], [ 47.678784892012111, -20.937289041039435 ], [ 47.680572760427687, -20.937883943471945 ], [ 47.681943020557213, -20.936964410062824 ], [ 47.683973841722768, -20.935056581980181 ], [ 47.686862652093332, -20.93486989891143 ], [ 47.689531463110441, -20.935394419501456 ], [ 47.692861966510911, -20.936286030759934 ], [ 47.694686991316132, -20.937219018926438 ], [ 47.695728014141274, -20.937751203538866 ], [ 47.69692907042517, -20.939586058832351 ], [ 47.696515951554986, -20.942478988995326 ], [ 47.696199850647787, -20.945119411111673 ], [ 47.695836719694263, -20.94952661074193 ], [ 47.695862375553631, -20.950789284974238 ], [ 47.695548886277763, -20.955954277641759 ], [ 47.695721463480623, -20.957606514801942 ], [ 47.696042572712564, -20.960338160549284 ], [ 47.695850142076608, -20.964033893918732 ], [ 47.695729857753079, -20.966306465439509 ], [ 47.696857512270888, -20.967888926900148 ], [ 47.698401312777094, -20.968712936120511 ], [ 47.698035768942411, -20.970549821183646 ], [ 47.696616093764447, -20.971332105458195 ], [ 47.695686479853876, -20.972710833603163 ], [ 47.695344602578068, -20.973652192659053 ], [ 47.69483122998404, -20.974571113630038 ], [ 47.694366682483192, -20.975007562712577 ], [ 47.693828959845334, -20.976247880698168 ], [ 47.692555415506696, -20.976547506924717 ], [ 47.691452696491226, -20.975217748663624 ], [ 47.692013415692962, -20.972921590623589 ], [ 47.692354011434787, -20.970396170213125 ], [ 47.692327904115608, -20.96872083216758 ], [ 47.69115273571618, -20.968561314020501 ], [ 47.689512188842322, -20.968953395049876 ], [ 47.688460505453826, -20.970331862391404 ], [ 47.687262367470176, -20.972812810427406 ], [ 47.686431991049524, -20.974856346206778 ], [ 47.685012969678738, -20.976304123399107 ], [ 47.68484903496087, -20.976598576725266 ], [ 47.683618976440492, -20.978807945691266 ], [ 47.683181284494765, -20.982320309094192 ], [ 47.68284094865701, -20.985327823677778 ], [ 47.683136179897105, -20.986704798144778 ], [ 47.684703137945881, -20.986473070732771 ], [ 47.685168680097007, -20.986794241118307 ], [ 47.685317811074754, -20.9888824678075 ], [ 47.685515450584354, -20.990948318464881 ], [ 47.686128522919887, -20.992302049054391 ], [ 47.688038458115479, -20.991817667905433 ], [ 47.68933518877509, -20.990255040992697 ], [ 47.690485839856834, -20.989266487314463 ], [ 47.69180920933497, -20.990802915177593 ], [ 47.692127994718675, -20.992193249073679 ], [ 47.691832088987255, -20.993442440669881 ], [ 47.691744488724837, -20.995169697476417 ], [ 47.691244699490952, -20.9964683634763 ], [ 47.690945954599854, -20.997381845347547 ], [ 47.690343612975092, -20.998633308631248 ], [ 47.68953778534825, -20.999982200868008 ], [ 47.688720000335422, -21.000550005827979 ], [ 47.686982257432653, -20.999761323776191 ], [ 47.686211743484499, -20.998936732694574 ], [ 47.685385815110415, -20.998190406013322 ], [ 47.68481882403659, -20.997571097779169 ], [ 47.683435530032632, -20.997053734893317 ], [ 47.681126586329533, -20.995775796467775 ], [ 47.680455082342675, -20.994869473200026 ], [ 47.677228957856251, -20.99383803355116 ], [ 47.675690520007393, -20.99308193573583 ], [ 47.674305698954633, -20.99237265932415 ], [ 47.672769276486513, -20.991856327960711 ], [ 47.670769678882849, -20.990911708862242 ], [ 47.66956198110573, -20.990237802786623 ], [ 47.668860020678508, -20.989934171878947 ], [ 47.666507299776789, -20.988065076697158 ], [ 47.665938838311384, -20.987253860333112 ], [ 47.665109121093444, -20.985725110881589 ], [ 47.664387479003338, -20.98491500068349 ], [ 47.663769949627692, -20.98434394107715 ], [ 47.662021779985189, -20.983376564634263 ], [ 47.660013472447623, -20.98308061843337 ], [ 47.657710658523619, -20.982348129620263 ], [ 47.657566303845364, -20.982285554792405 ], [ 47.653325746788745, -20.980447337832981 ], [ 47.650238951568923, -20.979096570509491 ], [ 47.647422168800333, -20.978272784321017 ], [ 47.644457592345901, -20.97641633180848 ], [ 47.64372268075882, -20.97577405309061 ], [ 47.64193494004698, -20.975385420961015 ], [ 47.639976047557873, -20.975685605666548 ], [ 47.639387264112209, -20.974676439526995 ], [ 47.640267793924764, -20.972288359982031 ], [ 47.640682995624836, -20.970336593722106 ], [ 47.641171292422243, -20.968431162332564 ], [ 47.639676707314948, -20.966894387331156 ], [ 47.637277582295233, -20.968044485329028 ], [ 47.635245758385523, -20.968757813186318 ], [ 47.633212625962145, -20.967887574316279 ], [ 47.631399875104123, -20.966763963150953 ], [ 47.627922985457147, -20.967800174602232 ], [ 47.624959864105847, -20.968146781412358 ], [ 47.621016708353352, -20.967094481089255 ], [ 47.618665393092137, -20.965994264887748 ], [ 47.616558911962585, -20.964802541768695 ], [ 47.614398732313759, -20.964037402169573 ], [ 47.614649999295906, -20.959270006073616 ], [ 47.6076973045841, -20.958306544379315 ], [ 47.603969660567991, -20.955963040630614 ] ] ] } },
{ "type": "Feature", "properties": { "fid": 9, "csb_secto": "CSB2 AMBOHIMIERA" }, "geometry": { "type": "Polygon", "coordinates": [ [ [ 47.537690170768187, -21.171515472211045 ], [ 47.534079796548589, -21.173807675931805 ], [ 47.525274954378354, -21.17939723044255 ], [ 47.520185958917303, -21.182885108003962 ], [ 47.517099998268627, -21.185000004987536 ], [ 47.516899454847398, -21.171391767764458 ], [ 47.51766956050281, -21.163066644663036 ], [ 47.517194909118089, -21.153132730649435 ], [ 47.516559619031447, -21.153200189695326 ], [ 47.512170941835294, -21.152420735586926 ], [ 47.507561705907214, -21.15019565006866 ], [ 47.506360432886673, -21.149070889569806 ], [ 47.504913951616409, -21.147946564342924 ], [ 47.50305051946453, -21.147740596211982 ], [ 47.500353897812467, -21.146868683703534 ], [ 47.498245740346682, -21.145193572287088 ], [ 47.495009700834643, -21.143656017573342 ], [ 47.494338893822501, -21.143426310937741 ], [ 47.489546127848712, -21.145306549618532 ], [ 47.479606062466388, -21.150569340859956 ], [ 47.473515353546929, -21.153793578566262 ], [ 47.469665282123081, -21.155831602400664 ], [ 47.459029998530781, -21.158720003577251 ], [ 47.452359944550153, -21.155957932865316 ], [ 47.450004509494661, -21.15572718481479 ], [ 47.449969753395528, -21.154968063478798 ], [ 47.449675528496854, -21.153675886986701 ], [ 47.449697354143495, -21.152526871772462 ], [ 47.449617970986395, -21.15153655362435 ], [ 47.449130975507906, -21.151344748916383 ], [ 47.448276678919328, -21.151124129930089 ], [ 47.447302993731789, -21.150739947646031 ], [ 47.446678291363533, -21.150040304772176 ], [ 47.446038077488602, -21.148880070515251 ], [ 47.445567933506531, -21.147814775888197 ], [ 47.44565111360123, -21.147310680700667 ], [ 47.445784229451803, -21.146761117589055 ], [ 47.446159946417531, -21.146353478288248 ], [ 47.446906941295516, -21.145768001650126 ], [ 47.44714493878103, -21.144851963006399 ], [ 47.446845448351858, -21.143835879281585 ], [ 47.447020206410471, -21.142390099483546 ], [ 47.447431801829168, -21.141385498302686 ], [ 47.447620156737777, -21.140514925784291 ], [ 47.447507569711448, -21.139984355454953 ], [ 47.44722315911428, -21.139450879416124 ], [ 47.446497602275215, -21.138909921917236 ], [ 47.445031738816262, -21.138610007907417 ], [ 47.443620695331184, -21.138012221349165 ], [ 47.442973017982702, -21.137242691259733 ], [ 47.442796487360233, -21.136205525627624 ], [ 47.442371467761163, -21.135347701898421 ], [ 47.442118413825767, -21.134469639826047 ], [ 47.442127734399463, -21.133987444928866 ], [ 47.442211948714416, -21.133413902294279 ], [ 47.44239678097864, -21.132727403012147 ], [ 47.442786670360441, -21.13158405532544 ], [ 47.442069302747889, -21.130606616368354 ], [ 47.441417531685431, -21.130067445822231 ], [ 47.440401317558312, -21.129337952650985 ], [ 47.439682051476915, -21.128475119698074 ], [ 47.438878628637099, -21.126876031571463 ], [ 47.437929052474942, -21.126515347673184 ], [ 47.436978594977226, -21.126200960873781 ], [ 47.436451989758424, -21.125525517856779 ], [ 47.436269737649127, -21.124786463992919 ], [ 47.4366749964448, -21.124126869728396 ], [ 47.437563283809418, -21.123842630002819 ], [ 47.438493502064482, -21.123926794855148 ], [ 47.439109075414585, -21.123798880683307 ], [ 47.439169372259755, -21.123202333390811 ], [ 47.438736859509454, -21.122735221023735 ], [ 47.438005493049978, -21.122516056241146 ], [ 47.437548757959618, -21.122025936518209 ], [ 47.437636847453319, -21.121268885421493 ], [ 47.438138099884178, -21.120702429444663 ], [ 47.438245663297451, -21.120198186768288 ], [ 47.437993410658052, -21.119297525632131 ], [ 47.437612768105311, -21.118670324048455 ], [ 47.437626106849947, -21.117980904667615 ], [ 47.438100898528219, -21.117506068023477 ], [ 47.438895361422382, -21.117013495849356 ], [ 47.439636918100007, -21.11670359666698 ], [ 47.440012582005679, -21.116295971755264 ], [ 47.440535072826023, -21.115890847858168 ], [ 47.440981781374873, -21.115622239249028 ], [ 47.441556858253179, -21.115033874887779 ], [ 47.441696186620455, -21.114162469597108 ], [ 47.441384227091099, -21.113812627925483 ], [ 47.440898252343025, -21.113574489246396 ], [ 47.439654511536894, -21.113209374388347 ], [ 47.43919780342619, -21.112719258262604 ], [ 47.438780133986249, -21.111470688997223 ], [ 47.438481967359031, -21.110408269502717 ], [ 47.437685990006436, -21.109705653470147 ], [ 47.437108178289733, -21.109143991779035 ], [ 47.437023142893644, -21.108452905954472 ], [ 47.437184939023595, -21.107697101318134 ], [ 47.437608883932654, -21.107312903745783 ], [ 47.438401519404557, -21.106912373585697 ], [ 47.439042285463117, -21.106739145273981 ], [ 47.439781127087429, -21.106567016833175 ], [ 47.44032456042018, -21.106369529309301 ], [ 47.440584558920321, -21.105591679591679 ], [ 47.440797292650998, -21.104721523459379 ], [ 47.440445349263413, -21.10388808125019 ], [ 47.44003400475539, -21.103605454008868 ], [ 47.439374361927058, -21.103479575902114 ], [ 47.43867071437171, -21.103077320842296 ], [ 47.438277306841847, -21.101852309317866 ], [ 47.438640277716239, -21.100823736707913 ], [ 47.439389762816894, -21.100100525301226 ], [ 47.440161385629082, -21.099492353371982 ], [ 47.440537009065345, -21.099084728460358 ], [ 47.440943665407453, -21.098333090383129 ], [ 47.441307497832312, -21.09725821258035 ], [ 47.441571480329124, -21.09627426702821 ], [ 47.442076194250532, -21.095523729721208 ], [ 47.442635711958069, -21.094475333355387 ], [ 47.442842651356813, -21.093903866356115 ], [ 47.443130841804383, -21.092942920066012 ], [ 47.443272813279165, -21.091933737738646 ], [ 47.443282724707345, -21.091405238548013 ], [ 47.443280458415799, -21.090840321311173 ], [ 47.441976557461381, -21.091154617278917 ], [ 47.439273439106977, -21.090748529308435 ], [ 47.437245384255846, -21.090338345825366 ], [ 47.434535106398407, -21.08887629459328 ], [ 47.432055624255788, -21.088257562824452 ], [ 47.429127554880601, -21.087852654764429 ], [ 47.425745195671681, -21.086816832719197 ], [ 47.422142118551008, -21.086415810629727 ], [ 47.419879234525787, -21.084528490686711 ], [ 47.417480000687952, -21.083580003604077 ], [ 47.415584277478565, -21.081597151378155 ], [ 47.413768744118059, -21.07928473539409 ], [ 47.412628270663724, -21.076968343507271 ], [ 47.410593446615508, -21.075501926966044 ], [ 47.408328071468219, -21.073192068653839 ], [ 47.406511355499191, -21.070668378538883 ], [ 47.406902544401234, -21.066891917525989 ], [ 47.406043371688533, -21.066946599004378 ], [ 47.405154435912721, -21.067276401082772 ], [ 47.40440942763707, -21.067769657640987 ], [ 47.403402570956018, -21.067868092935459 ], [ 47.402966275657143, -21.067607526963204 ], [ 47.402411768072596, -21.06711560140155 ], [ 47.401933658795173, -21.066487165947969 ], [ 47.400987696108999, -21.065965320841066 ], [ 47.400418180638177, -21.066254857573693 ], [ 47.399729946563426, -21.066556373275755 ], [ 47.399064599335297, -21.066679343874327 ], [ 47.39861792945748, -21.06689928836898 ], [ 47.397999353271089, -21.067138289497844 ], [ 47.39716842376712, -21.0670058886083 ], [ 47.396072203252892, -21.066684178629412 ], [ 47.394516235818699, -21.066099751500097 ], [ 47.393418214861761, -21.065869498076715 ], [ 47.392116703405961, -21.065933425484843 ], [ 47.3906659926242, -21.066085709485371 ], [ 47.389356032937251, -21.0665166466231 ], [ 47.387399032621794, -21.067346479852787 ], [ 47.386097111974628, -21.068465577320481 ], [ 47.385125249712964, -21.070166007350362 ], [ 47.384291696886791, -21.072236013774837 ], [ 47.383805121391866, -21.074153299128177 ], [ 47.382503467843378, -21.076305565640929 ], [ 47.381198833042191, -21.076506630667868 ], [ 47.37995758695542, -21.076089664497871 ], [ 47.378896881568004, -21.075309768822638 ], [ 47.37750899832362, -21.07383388331958 ], [ 47.375767486362101, -21.071753612932461 ], [ 47.374600446035281, -21.07131529775657 ], [ 47.373373775260966, -21.071334627784527 ], [ 47.372103200483679, -21.072156479531042 ], [ 47.37143810596514, -21.072279910582445 ], [ 47.370306150889327, -21.072438705674543 ], [ 47.369079216613635, -21.071425370277929 ], [ 47.36815021604054, -21.07129055560803 ], [ 47.366940779873943, -21.071608977665296 ], [ 47.365456349911312, -21.072150246329471 ], [ 47.36371469495775, -21.072158270080703 ], [ 47.361817090366785, -21.070972560728201 ], [ 47.36166021083028, -21.070874534625204 ], [ 47.360758115274876, -21.069615990979027 ], [ 47.359900317625403, -21.067509177101723 ], [ 47.359110306375264, -21.065656047584294 ], [ 47.358067111687383, -21.064141377019524 ], [ 47.357270164865653, -21.063619586771328 ], [ 47.355853827071705, -21.063359236636291 ], [ 47.354474493682062, -21.062571902668321 ], [ 47.352872266920372, -21.061871602390028 ], [ 47.35178817106604, -21.062077436521747 ], [ 47.351142274375206, -21.062430471685989 ], [ 47.350205257245456, -21.062639440854365 ], [ 47.349229727548419, -21.062411616499844 ], [ 47.348433736706006, -21.061844048061555 ], [ 47.347967558734133, -21.060824117037072 ], [ 47.347912018403221, -21.060065603642823 ], [ 47.34699128889487, -21.057520924250692 ], [ 47.34649452048366, -21.056752967974877 ], [ 47.345889536650603, -21.056283815045973 ], [ 47.345459233534534, -21.055950122500342 ], [ 47.344513311317868, -21.055493445866176 ], [ 47.343557459686586, -21.055472687714655 ], [ 47.342135714269233, -21.055441474044979 ], [ 47.340985141428376, -21.055347799761332 ], [ 47.339419678052856, -21.055175631750192 ], [ 47.338210093497949, -21.054483781501876 ], [ 47.337468713087418, -21.053687197107333 ], [ 47.336786618684286, -21.05245610976311 ], [ 47.336590798503131, -21.051419434261554 ], [ 47.336483208110074, -21.049764607953211 ], [ 47.336472928858974, -21.049167879896959 ], [ 47.336610159107913, -21.047518502580914 ], [ 47.33664367144457, -21.046119241114962 ], [ 47.336666167985484, -21.045179058372153 ], [ 47.336719455514555, -21.043963748734022 ], [ 47.336819919679563, -21.042841341761122 ], [ 47.337057813743101, -21.042112284761185 ], [ 47.337601151747791, -21.040931019858345 ], [ 47.338165014979438, -21.039910555536007 ], [ 47.338579365021708, -21.038978413631625 ], [ 47.338802216125345, -21.037858729805968 ], [ 47.33919751133184, -21.035687386873942 ], [ 47.339597277068492, -21.034342032570091 ], [ 47.34015468226854, -21.033597122321048 ], [ 47.340625712082748, -21.033377760587101 ], [ 47.342083835976126, -21.032904609272524 ], [ 47.343300678959203, -21.032265638261261 ], [ 47.343958392741669, -21.031408381105049 ], [ 47.344444988021714, -21.03054697087962 ], [ 47.345078327478795, -21.029688712778004 ], [ 47.345698296714971, -21.028370939781901 ], [ 47.346065998023285, -21.027346441100843 ], [ 47.346147689739972, -21.025971188835491 ], [ 47.346113863539699, -21.024295071077752 ], [ 47.345857028854411, -21.022729134659716 ], [ 47.345390246538138, -21.021732332399658 ], [ 47.34477336467446, -21.02086959207691 ], [ 47.343882483664913, -21.020184495737013 ], [ 47.342765393483269, -21.01972420652617 ], [ 47.34178847163566, -21.019565211784403 ], [ 47.340246816911971, -21.019439762654265 ], [ 47.338878242111868, -21.019248996663272 ], [ 47.337664366891531, -21.018740640487739 ], [ 47.336204970457452, -21.018249976674767 ], [ 47.334801028019214, -21.017484599654555 ], [ 47.334379057121886, -21.016672146722591 ], [ 47.334258364505992, -21.01556786198832 ], [ 47.334219168453792, -21.014121551590083 ], [ 47.334206310846355, -21.012606217325626 ], [ 47.334066025600343, -21.011295392491686 ], [ 47.333665820994447, -21.010597997023652 ], [ 47.332865868638443, -21.010213284139564 ], [ 47.331724528237814, -21.009752481415866 ], [ 47.331429105442155, -21.008781812555075 ], [ 47.331446590061361, -21.008048294917721 ], [ 47.331510468906203, -21.007429704342591 ], [ 47.331744080398138, -21.005851502970568 ], [ 47.332546042738734, -21.004101993339368 ], [ 47.333519830448914, -21.002333493623915 ], [ 47.334265543792846, -21.000880700013088 ], [ 47.335497038530541, -20.999622901005697 ], [ 47.336517624262065, -20.998979395612587 ], [ 47.337758585263664, -20.998340904839331 ], [ 47.338829086066745, -20.99765307815796 ], [ 47.339712416368208, -20.996593615634364 ], [ 47.340110258454885, -20.995340293451939 ], [ 47.340270133632949, -20.99479288871332 ], [ 47.340465214571147, -20.993810544853797 ], [ 47.340822607850214, -20.992188750644186 ], [ 47.341223492343332, -20.990797645129899 ], [ 47.341934646539755, -20.98975773566621 ], [ 47.343281464041446, -20.988800199605436 ], [ 47.345158609955206, -20.988198859825843 ], [ 47.347278460406031, -20.98771700667125 ], [ 47.349445622391173, -20.987305444527678 ], [ 47.351008163869366, -20.986536378488609 ], [ 47.352256126093117, -20.985599643746728 ], [ 47.353019994950607, -20.984400185558904 ], [ 47.354228224227015, -20.98307238152475 ], [ 47.355592273638329, -20.981380673120157 ], [ 47.355604161776398, -20.980876412457306 ], [ 47.355180059485875, -20.980155481731355 ], [ 47.354630262550153, -20.979570178662332 ], [ 47.353977892539255, -20.979165544895643 ], [ 47.353159660563264, -20.978528072154774 ], [ 47.352563928056199, -20.977803554932464 ], [ 47.351746929950018, -20.977120332779812 ], [ 47.351241493872891, -20.975686732500094 ], [ 47.351250252370185, -20.97428702137303 ], [ 47.351544004225353, -20.973283800651519 ], [ 47.351293427922194, -20.972474955799591 ], [ 47.350837394303078, -20.972074882495079 ], [ 47.350526840414091, -20.971723696336966 ], [ 47.350197733511237, -20.971142817033126 ], [ 47.349898628891225, -20.970309956685298 ], [ 47.349648370947989, -20.969501673010363 ], [ 47.349512366474933, -20.969039434069412 ], [ 47.348729418500014, -20.965878498742203 ], [ 47.349737750069295, -20.964707082315101 ], [ 47.349853904706102, -20.9639521293368 ], [ 47.350051034299852, -20.962877729973329 ], [ 47.350606931336898, -20.96217853316324 ], [ 47.351673311446334, -20.961651009737132 ], [ 47.353107300233972, -20.961131631470881 ], [ 47.354173662357013, -20.960604093655597 ], [ 47.35509379291662, -20.960050250670417 ], [ 47.356509048826048, -20.959278003729306 ], [ 47.357846223796734, -20.958710564793535 ], [ 47.359149913410519, -20.958509729993008 ], [ 47.35999909375596, -20.95887204885878 ], [ 47.361062971951512, -20.95949176898252 ], [ 47.362023391239589, -20.960339026577014 ], [ 47.362765325632466, -20.961089809399031 ], [ 47.363530696357884, -20.961886755320901 ], [ 47.36420142782702, -20.962543634532235 ], [ 47.365666918966795, -20.963791767626574 ], [ 47.367211358890899, -20.963779243667833 ], [ 47.368658364465887, -20.962709178137459 ], [ 47.369474789703709, -20.96135014244722 ], [ 47.370000572042564, -20.959847056949073 ], [ 47.370671652448621, -20.958415427983365 ], [ 47.372017260362149, -20.957480840822519 ], [ 47.37311735155852, -20.957596654616186 ], [ 47.37406105694626, -20.958122111400439 ], [ 47.375288034389499, -20.958057094013892 ], [ 47.377189307315057, -20.957455296479402 ], [ 47.379256289320871, -20.957110011672629 ], [ 47.38067453637548, -20.957255606515961 ], [ 47.382327312230622, -20.957841953697955 ], [ 47.384136765274562, -20.958019191187528 ], [ 47.384489853499097, -20.957590354866046 ], [ 47.384590412092862, -20.956445334440243 ], [ 47.385604150386406, -20.956077127713193 ], [ 47.386700456336186, -20.95635322587647 ], [ 47.387993948537321, -20.9565875460342 ], [ 47.388844058781693, -20.955871887134126 ], [ 47.389267866993805, -20.954526854787424 ], [ 47.389367181825314, -20.95342757208234 ], [ 47.389348392289683, -20.952142076653736 ], [ 47.389149071947244, -20.951242663776583 ], [ 47.388725366257695, -20.950499226617112 ], [ 47.387838512412351, -20.949653961020957 ], [ 47.386777024614794, -20.948942358962494 ], [ 47.385571144367411, -20.948113000574683 ], [ 47.385133708728119, -20.946910606100374 ], [ 47.385423113260522, -20.946067707519845 ], [ 47.386296161613025, -20.945420813481388 ], [ 47.386633340830457, -20.944625070852361 ], [ 47.38660399865006, -20.943798091171541 ], [ 47.3868661753081, -20.943069394799622 ], [ 47.387539469845073, -20.942579457639031 ], [ 47.388447730253112, -20.942507125167019 ], [ 47.38920600352882, -20.9425694490842 ], [ 47.390107467760174, -20.942795255360018 ], [ 47.391160882343677, -20.942818068462422 ], [ 47.392243323445506, -20.942635190425147 ], [ 47.393049678974513, -20.942744087533104 ], [ 47.393355435879705, -20.943278720999373 ], [ 47.393163603292685, -20.944146479539143 ], [ 47.392428358057316, -20.945186149783101 ], [ 47.392231539628973, -20.946260583320758 ], [ 47.392852415381924, -20.946962238877433 ], [ 47.393872466916122, -20.947351649819829 ], [ 47.395114785894194, -20.947676549693938 ], [ 47.39644175266038, -20.947521610894793 ], [ 47.397604933096872, -20.947041821684174 ], [ 47.398496853722548, -20.94662511991509 ], [ 47.399880098263793, -20.946068964773026 ], [ 47.400484180076809, -20.946493468160973 ], [ 47.40125716176464, -20.947058149775451 ], [ 47.401786558479017, -20.947549699420456 ], [ 47.402436327650655, -20.948158556633278 ], [ 47.402896159106739, -20.948442166833555 ], [ 47.403595825363503, -20.949005563316874 ], [ 47.404561184627454, -20.949757697819948 ], [ 47.40545967839806, -20.950163547470019 ], [ 47.406043046126406, -20.950402959589127 ], [ 47.40655458500288, -20.950549626424291 ], [ 47.407116013769873, -20.950650833429261 ], [ 47.407679248375459, -20.950660565892495 ], [ 47.408814720699802, -20.950219819849234 ], [ 47.409262080357763, -20.949882422996126 ], [ 47.409568170012101, -20.94926636581112 ], [ 47.409797477348768, -20.948810533640405 ], [ 47.410172398414431, -20.948426128324623 ], [ 47.411083194910603, -20.948188233361975 ], [ 47.412015334117577, -20.948134832518221 ], [ 47.412533313938503, -20.947936473551223 ], [ 47.413718639281115, -20.947450805472478 ], [ 47.414435117464059, -20.947140625701731 ], [ 47.41520103227915, -20.946808699424555 ], [ 47.416457872610266, -20.946415756844608 ], [ 47.417170746310397, -20.946289646712881 ], [ 47.418396053712549, -20.946264427024836 ], [ 47.419251403407259, -20.946370654045534 ], [ 47.419905864342034, -20.946726477108221 ], [ 47.420458613751933, -20.947287275450133 ], [ 47.421100375360091, -20.948309393625721 ], [ 47.421699137683305, -20.949009373745497 ], [ 47.422643069700257, -20.949600053861019 ], [ 47.423815225370859, -20.949803203516559 ], [ 47.424569476878332, -20.948804517176825 ], [ 47.424346632069771, -20.947651225686254 ], [ 47.42453690073571, -20.946665450913176 ], [ 47.424914466707619, -20.946143237084286 ], [ 47.425653319123725, -20.945948623793708 ], [ 47.427191513256304, -20.946203800129016 ], [ 47.428065692955975, -20.9466091083872 ], [ 47.428888652667943, -20.94712876544347 ], [ 47.429653684348942, -20.948107209842632 ], [ 47.430201110671717, -20.948944094656635 ], [ 47.430631280688104, -20.949502759806688 ], [ 47.431372885929193, -20.950435038407992 ], [ 47.431676721882461, -20.95119883172201 ], [ 47.432036843704758, -20.951572719466586 ], [ 47.43281814412147, -20.951700207359771 ], [ 47.433678294397353, -20.951576543383958 ], [ 47.434191197545267, -20.951654237614203 ], [ 47.436319241719431, -20.951652108019694 ], [ 47.438536207260114, -20.951589319153229 ], [ 47.440647249751002, -20.951477540617727 ], [ 47.442929998900745, -20.951430006051819 ], [ 47.446137689083869, -20.951444674893818 ], [ 47.448936033052519, -20.951477451585255 ], [ 47.452580073393037, -20.951653859900016 ], [ 47.45471999941001, -20.952150005980183 ], [ 47.457598943318565, -20.952193074513076 ], [ 47.462349999637432, -20.987320005457835 ], [ 47.487049999245365, -20.991000006088843 ], [ 47.511469999430282, -20.985470004684775 ], [ 47.531219998297068, -21.009350006034161 ], [ 47.554899999429765, -20.998470006129303 ], [ 47.558230000108502, -20.988420005827507 ], [ 47.586330000026315, -20.987500005671709 ], [ 47.580619273556671, -20.983902868575136 ], [ 47.546999998442672, -20.964620005469857 ], [ 47.53941999872405, -20.954150004685079 ], [ 47.551029999025118, -20.931330005454299 ], [ 47.551361617734344, -20.931058030682717 ], [ 47.552741472730766, -20.930774103021747 ], [ 47.553622603290606, -20.931439555470114 ], [ 47.555140863950051, -20.932563737704822 ], [ 47.557344307284581, -20.934101144030379 ], [ 47.559719357453339, -20.935477604984666 ], [ 47.562094380642463, -20.937243583900663 ], [ 47.563906227681784, -20.938275957945049 ], [ 47.564861163803357, -20.938597034801159 ], [ 47.566193226128277, -20.938452775451246 ], [ 47.571953793925005, -20.940710907457536 ], [ 47.572288458637992, -20.940920617667427 ], [ 47.576574988138354, -20.943606623720537 ], [ 47.582082191733633, -20.945938711475229 ], [ 47.591906970325454, -20.950192356363363 ], [ 47.599569999951541, -20.95280000448696 ], [ 47.603969660567991, -20.955963040630614 ], [ 47.6076973045841, -20.958306544379315 ], [ 47.614649999295906, -20.959270006073616 ], [ 47.614398732313759, -20.964037402169573 ], [ 47.614345201068275, -20.964146732750546 ], [ 47.614092314406889, -20.964508115422039 ], [ 47.61391588360928, -20.964733471137507 ], [ 47.613656873464116, -20.965347249440384 ], [ 47.613398578279963, -20.965937877395213 ], [ 47.612991620664893, -20.966617044504648 ], [ 47.612712938749297, -20.967023767396419 ], [ 47.612385138561493, -20.967452287156476 ], [ 47.612106453947796, -20.967859009148956 ], [ 47.611949264145387, -20.968314568825001 ], [ 47.611885912303237, -20.968932063126562 ], [ 47.611655377391919, -20.969385873621359 ], [ 47.6114182954162, -20.970114665321258 ], [ 47.611138042384923, -20.970590272684355 ], [ 47.61105304565973, -20.971092751790255 ], [ 47.611038688882665, -20.971711599571549 ], [ 47.611024333004885, -20.972330447352782 ], [ 47.610783698707088, -20.973219595368032 ], [ 47.610452878595787, -20.973762735521557 ], [ 47.611808727989022, -20.976583195616264 ], [ 47.612629999673544, -20.978020005576337 ], [ 47.612259364776875, -20.98106518016986 ], [ 47.611464273256701, -20.985555835087251 ], [ 47.610870626277745, -20.989265060985261 ], [ 47.610909105570315, -20.994139911676452 ], [ 47.609898602138486, -20.997657025298405 ], [ 47.607639093269292, -21.00079280658786 ], [ 47.604179998507611, -21.003000004590334 ], [ 47.603795297314562, -21.003374546141934 ], [ 47.603956505287968, -21.003844120852804 ], [ 47.604288118601382, -21.00430983297548 ], [ 47.604590265627884, -21.005003828106897 ], [ 47.604673183120596, -21.005647966622785 ], [ 47.604441436822562, -21.006147504046183 ], [ 47.603844876939171, -21.006547383996416 ], [ 47.603097317286988, -21.007127270448695 ], [ 47.602822818118163, -21.007351039760039 ], [ 47.602565563449566, -21.007895349931484 ], [ 47.602963865989324, -21.008660942788893 ], [ 47.603941359805781, -21.009759556398603 ], [ 47.604585251907835, -21.010483922534846 ], [ 47.605157351130948, -21.011138217094555 ], [ 47.605464207906984, -21.011626114592811 ], [ 47.605524044299315, -21.012200973834858 ], [ 47.605463671911096, -21.012703838749889 ], [ 47.605668246992224, -21.013373100726305 ], [ 47.606045770696042, -21.013977366000635 ], [ 47.607089817941187, -21.014320697480095 ], [ 47.608297863756022, -21.014988624862827 ], [ 47.608872699616079, -21.015528281042652 ], [ 47.609564508496064, -21.01629971499678 ], [ 47.610236349728666, -21.016864095338452 ], [ 47.6106166019756, -21.017353728528281 ], [ 47.610829735904638, -21.017656531160352 ], [ 47.611080233067369, -21.018464340892557 ], [ 47.611163183834989, -21.019107907439544 ], [ 47.610992025762506, -21.020159153756971 ], [ 47.6107580005825, -21.020750169319527 ], [ 47.610453461359349, -21.021652299947906 ], [ 47.610442805292493, -21.021683864353008 ], [ 47.610257787767914, -21.022275666822416 ], [ 47.61033107801812, -21.02333198171883 ], [ 47.610756100315193, -21.024006470555079 ], [ 47.611261151482474, -21.024384013144459 ], [ 47.6120194895094, -21.024400173062343 ], [ 47.612926118547122, -21.024350371305481 ], [ 47.613769879577902, -21.023841466543644 ], [ 47.61436845304339, -21.023349515801051 ], [ 47.615088261415885, -21.022906394648217 ], [ 47.615067278433933, -21.023822794819374 ], [ 47.615336353791562, -21.024883379696984 ], [ 47.615878082909155, -21.025789062647377 ], [ 47.616516288598007, -21.0267657650598 ], [ 47.617042607832232, -21.027281452508568 ], [ 47.617274608638503, -21.027836463713093 ], [ 47.616722043589668, -21.028443833447064 ], [ 47.616171754724959, -21.028959728639201 ], [ 47.61553760048205, -21.029931795945743 ], [ 47.615154866106394, -21.030611924430431 ], [ 47.614919703283952, -21.031248681310917 ], [ 47.614683284108537, -21.031954319065491 ], [ 47.614476734116238, -21.032408526161277 ], [ 47.61383493113938, -21.03264730245958 ], [ 47.613071034402871, -21.032882977895468 ], [ 47.612380208481916, -21.033120397116832 ], [ 47.611860367963686, -21.033384846361539 ], [ 47.61100623505164, -21.033274514834989 ], [ 47.610566001621613, -21.033265166382286 ], [ 47.610237768859847, -21.033693684343763 ], [ 47.610297938900743, -21.034268534592627 ], [ 47.611094536785494, -21.03474396478941 ], [ 47.611766053362864, -21.035331478391999 ], [ 47.611896484737237, -21.036045276594827 ], [ 47.61127703440981, -21.03637590874758 ], [ 47.610475027102929, -21.036129721136192 ], [ 47.609910833819939, -21.036186159889795 ], [ 47.609821551825199, -21.036872136665782 ], [ 47.60958240050951, -21.037692389417803 ], [ 47.609433592388527, -21.03883549248896 ], [ 47.609543620843617, -21.039365394621971 ], [ 47.609522730491832, -21.040259210118645 ], [ 47.610001498072954, -21.040727827051487 ], [ 47.610686241878952, -21.040742806159539 ], [ 47.611388983817093, -21.041055736956583 ], [ 47.611712606654066, -21.041865285078302 ], [ 47.612073193425822, -21.04320241778014 ], [ 47.612251516397109, -21.043963299988629 ], [ 47.612041407787501, -21.04457785890305 ], [ 47.611370506346482, -21.045021758868824 ], [ 47.610846060400064, -21.04546915090204 ], [ 47.610459431060605, -21.046309627608174 ], [ 47.610279788783899, -21.04667218749222 ], [ 47.609905938810769, -21.046962712579752 ], [ 47.609462540666399, -21.047090570993564 ], [ 47.607952186846447, -21.046783263657282 ], [ 47.607437816904216, -21.046795315471993 ], [ 47.606989736889226, -21.047129821004834 ], [ 47.606442890629275, -21.047484770825616 ], [ 47.605594319124826, -21.047484514518843 ], [ 47.603900199636684, -21.047483997408566 ], [ 47.602329362811886, -21.048317566422039 ], [ 47.60110967437393, -21.049230955662988 ], [ 47.599349999704685, -21.051150004586866 ], [ 47.596587743731213, -21.053704634977194 ], [ 47.59563602898136, -21.055274272105354 ], [ 47.595760431300803, -21.057784261048905 ], [ 47.595899999787363, -21.060600005098657 ], [ 47.596576202731882, -21.063412170746179 ], [ 47.597787579635884, -21.068164656082654 ], [ 47.59806049150135, -21.069064901731934 ], [ 47.598332682110588, -21.069987732955163 ], [ 47.59869810903362, -21.072173918298251 ], [ 47.598495487280161, -21.073522310512008 ], [ 47.598465578526891, -21.074805715016833 ], [ 47.598642735077476, -21.075611776466978 ], [ 47.59953457566359, -21.076204007912985 ], [ 47.5988252542856, -21.078803534258633 ], [ 47.598736478609261, -21.080053564922363 ], [ 47.59850052528266, -21.081397162850344 ], [ 47.598017691866694, -21.082696196673012 ], [ 47.596929998724221, -21.084530006054681 ], [ 47.597547944485832, -21.085661024036249 ], [ 47.598833837415633, -21.086161136126535 ], [ 47.600662806647371, -21.086750016698726 ], [ 47.602293840492706, -21.087247705116141 ], [ 47.603726939850901, -21.087654205875385 ], [ 47.605455134651514, -21.087966088062931 ], [ 47.607579601322492, -21.088506558129421 ], [ 47.609701141599608, -21.08867682767174 ], [ 47.611087540962636, -21.089407510646094 ], [ 47.613312494281828, -21.090178575878266 ], [ 47.615419999739011, -21.090270004554775 ], [ 47.617222328353826, -21.092002062841853 ], [ 47.618462355859307, -21.09291880925214 ], [ 47.619751330765745, -21.09378892851241 ], [ 47.621336896687097, -21.094749488094045 ], [ 47.623267622409763, -21.095707590728029 ], [ 47.624851368103307, -21.096436757445421 ], [ 47.626782879833392, -21.097487359848351 ], [ 47.62828449584044, -21.098562422012225 ], [ 47.630529998668429, -21.100170005135006 ], [ 47.632387836137887, -21.101565850076653 ], [ 47.63437102111412, -21.102893630728499 ], [ 47.636278999385048, -21.103834179495507 ], [ 47.636626451558286, -21.104690334082918 ], [ 47.637071562911132, -21.105570628272723 ], [ 47.63708073959333, -21.105917915869703 ], [ 47.637097632458698, -21.106557230422123 ], [ 47.636164655982959, -21.107752795444775 ], [ 47.635662492538884, -21.108292120674076 ], [ 47.635151874568315, -21.109198446639763 ], [ 47.635008298702921, -21.110112873698398 ], [ 47.634768069100069, -21.110978875862205 ], [ 47.63437834159614, -21.111956594508506 ], [ 47.634041873742497, -21.112751590700153 ], [ 47.633048640890998, -21.113349739685145 ], [ 47.631917339622333, -21.113577978626999 ], [ 47.630731334392308, -21.114034667851531 ], [ 47.629744573961609, -21.114357267259731 ], [ 47.629254617914931, -21.114573932826307 ], [ 47.62910118008417, -21.117106671919505 ], [ 47.629002915660941, -21.119410764677948 ], [ 47.628671751109451, -21.121826199800907 ], [ 47.628227231510692, -21.124681179472908 ], [ 47.627799999579537, -21.127270004785526 ], [ 47.626156762833517, -21.128863944293336 ], [ 47.622541739118908, -21.12998645378871 ], [ 47.617521211743039, -21.130789759715814 ], [ 47.614019459438715, -21.131472554690212 ], [ 47.612300556433546, -21.131565315262556 ], [ 47.609345157560703, -21.131724765061076 ], [ 47.604786860132876, -21.131866352525076 ], [ 47.602669999927677, -21.131900004256483 ], [ 47.599882173530339, -21.13255866232662 ], [ 47.595149584791962, -21.133225213746183 ], [ 47.589299999401504, -21.135580004885327 ], [ 47.592059042097752, -21.14124768530159 ], [ 47.59569233643947, -21.145122472791108 ], [ 47.599320000125672, -21.14770000531707 ], [ 47.595739492391338, -21.151102065971617 ], [ 47.591904549363115, -21.156848567468113 ], [ 47.588579999475144, -21.163950005545058 ], [ 47.581146423775415, -21.163422635003222 ], [ 47.572827532970472, -21.162959530014668 ], [ 47.560082025270269, -21.163565917688221 ], [ 47.548446982446237, -21.164423968045899 ], [ 47.544170000149286, -21.169370004573299 ], [ 47.537690170768187, -21.171515472211045 ] ] ] } },
{ "type": "Feature", "properties": { "fid": 10, "csb_secto": "CSB2 AMPASINAMBO" }, "geometry": { "type": "Polygon", "coordinates": [ [ [ 47.670086204900727, -20.668129177944046 ], [ 47.668741219317944, -20.668138808783716 ], [ 47.668166731495496, -20.668142920484193 ], [ 47.665339692858296, -20.667631760222456 ], [ 47.663758952699084, -20.667643036821481 ], [ 47.658799998306279, -20.667320005738365 ], [ 47.652999999734142, -20.658850004552789 ], [ 47.655979999561183, -20.65080000564895 ], [ 47.657989044542632, -20.64843747134681 ], [ 47.658033976470676, -20.648459839284691 ], [ 47.658674292868263, -20.648649517995342 ], [ 47.65926682109091, -20.648863812049754 ], [ 47.660735991357093, -20.649790600290004 ], [ 47.660887988474165, -20.649970751582828 ], [ 47.661337520894214, -20.650303489048603 ], [ 47.661761680741343, -20.650613819905463 ], [ 47.662283413433215, -20.650899177488508 ], [ 47.662370531659263, -20.651773930955226 ], [ 47.663291942853583, -20.654034538794853 ], [ 47.663299914444323, -20.655026367803988 ], [ 47.663161908080468, -20.656586026054768 ], [ 47.663924845240473, -20.657855869682535 ], [ 47.665287668876118, -20.658838037275135 ], [ 47.666479412680062, -20.657270857094737 ], [ 47.670394505987367, -20.657384554783949 ], [ 47.671002382939434, -20.658088687073413 ], [ 47.673410975122451, -20.658071409298437 ], [ 47.675966647828893, -20.657627950899936 ], [ 47.677914398617069, -20.656480351218679 ], [ 47.679431911040389, -20.654629078801438 ], [ 47.680290636789884, -20.652495701648995 ], [ 47.680276789028973, -20.650795437993622 ], [ 47.67993881660913, -20.646263568945468 ], [ 47.678104878622896, -20.642876048529356 ], [ 47.676122804309209, -20.639772961193337 ], [ 47.67354333194411, -20.637240921772467 ], [ 47.670219375608141, -20.635706051534981 ], [ 47.666445077462271, -20.634316025206807 ], [ 47.664480418520156, -20.63333813299128 ], [ 47.662359580613433, -20.63086694709591 ], [ 47.656468109298324, -20.629002325141887 ], [ 47.654400638960688, -20.629016929232488 ], [ 47.652103307303889, -20.629033141310874 ], [ 47.648462962277435, -20.625516266908264 ], [ 47.647235340020124, -20.622549190340383 ], [ 47.645258616672628, -20.62001244656593 ], [ 47.639848325819891, -20.621042172106453 ], [ 47.636580622078334, -20.626591257125686 ], [ 47.63642788661793, -20.6263089185667 ], [ 47.631627104087435, -20.628326069136474 ], [ 47.627292088538731, -20.632181987949771 ], [ 47.625449999997031, -20.63407000486712 ], [ 47.612649999675597, -20.628570005743601 ], [ 47.61109424987697, -20.620248499715203 ], [ 47.611051782990259, -20.614722403165992 ], [ 47.614908456337147, -20.608963106115311 ], [ 47.615865561623401, -20.609317349968467 ], [ 47.617090042548647, -20.609622331657967 ], [ 47.618679457568334, -20.609853665167083 ], [ 47.621046168323616, -20.609867922119626 ], [ 47.622334687273764, -20.609575075882027 ], [ 47.623523676454411, -20.609168853912728 ], [ 47.624467128233306, -20.608650830025358 ], [ 47.625043210553748, -20.608046689756868 ], [ 47.625402458234788, -20.607628665984262 ], [ 47.626171903788325, -20.606906317027491 ], [ 47.626941525608949, -20.606207675998444 ], [ 47.627522007412793, -20.605901607928011 ], [ 47.62858744323411, -20.605382157715912 ], [ 47.629144376290192, -20.605168943747419 ], [ 47.628997657294278, -20.604821286529042 ], [ 47.628497269111683, -20.603329090921349 ], [ 47.627949896748234, -20.601031865386091 ], [ 47.627279169775477, -20.598582085154181 ], [ 47.627060029274467, -20.596589388949202 ], [ 47.626792125733324, -20.593561571271081 ], [ 47.626609695558216, -20.593221219245667 ], [ 47.626899101889229, -20.591604973853098 ], [ 47.626850031281052, -20.59053150618729 ], [ 47.627032197954556, -20.58776903527739 ], [ 47.627221811913955, -20.585965266849254 ], [ 47.627610565452009, -20.583584871111796 ], [ 47.627681281842356, -20.582203775051777 ], [ 47.627521039740834, -20.581235333811762 ], [ 47.627423717806899, -20.580502554517803 ], [ 47.627375893659107, -20.580244021013414 ], [ 47.627581210680923, -20.580134746190225 ], [ 47.627754757352733, -20.580186342994018 ], [ 47.627856914041978, -20.58027436953525 ], [ 47.627945264339125, -20.580451224812776 ], [ 47.628047475886916, -20.580546078107552 ], [ 47.628265327659378, -20.580599181275719 ], [ 47.628577826781992, -20.580706233874004 ], [ 47.628853502264022, -20.580738461079644 ], [ 47.628990730714413, -20.580676085001755 ], [ 47.629039339970305, -20.580402727972096 ], [ 47.629015365843166, -20.580116220156281 ], [ 47.630512194758801, -20.578348098156045 ], [ 47.63324096897248, -20.576174463751602 ], [ 47.63669999988219, -20.573070004949717 ], [ 47.64099125082307, -20.572457558542993 ], [ 47.644395955486672, -20.568986197030863 ], [ 47.648034390352741, -20.566159570285123 ], [ 47.651660759014867, -20.561824625785473 ], [ 47.655202359379686, -20.55880756309999 ], [ 47.654996268940877, -20.55844540701154 ], [ 47.654763859842461, -20.558015119184223 ], [ 47.654436882534242, -20.557678654927926 ], [ 47.654008309713738, -20.557230548832997 ], [ 47.653603530256696, -20.556758561240976 ], [ 47.653246337526397, -20.556239375429477 ], [ 47.6527132832692, -20.555540748789522 ], [ 47.652329181024619, -20.554953433937076 ], [ 47.651948021361804, -20.554434975677093 ], [ 47.651536827939822, -20.553756380536363 ], [ 47.650897150960219, -20.552762078391527 ], [ 47.650718952095346, -20.552513771078182 ], [ 47.650219090016307, -20.551309014084794 ], [ 47.650057294785618, -20.550784498890845 ], [ 47.65004834743057, -20.550486449175764 ], [ 47.650034774862192, -20.54922295296312 ], [ 47.65013757096925, -20.548576885401403 ], [ 47.650398911257803, -20.54751302699173 ], [ 47.650588881348824, -20.546520243801758 ], [ 47.650765568453309, -20.545895114256105 ], [ 47.651048532940408, -20.54476165641384 ], [ 47.65121295958734, -20.543723318065755 ], [ 47.651272255487143, -20.543262181693621 ], [ 47.651289679851779, -20.542205114064647 ], [ 47.651284028512023, -20.542021090291037 ], [ 47.651699991038626, -20.540424850317457 ], [ 47.651932421720694, -20.540028557762817 ], [ 47.652383400250528, -20.539603067818636 ], [ 47.652975735119, -20.539013412930323 ], [ 47.654009848452723, -20.538503652013951 ], [ 47.654604515263131, -20.537982857315274 ], [ 47.656432155296848, -20.536257550239039 ], [ 47.656971050650526, -20.535508475229612 ], [ 47.657509157298833, -20.53473625616741 ], [ 47.65764719423975, -20.534456932136045 ], [ 47.657842161863364, -20.533647604348214 ], [ 47.658105962697057, -20.532675748382264 ], [ 47.658356495832699, -20.532071546060568 ], [ 47.658414806075456, -20.531564681860456 ], [ 47.658348526040612, -20.530992071822769 ], [ 47.657779490807783, -20.529904125971317 ], [ 47.657350204824937, -20.529432311049209 ], [ 47.656919181351853, -20.528892189919794 ], [ 47.655557666229875, -20.528238347718958 ], [ 47.655062503108553, -20.52799847964371 ], [ 47.654569082873323, -20.527827481650554 ], [ 47.654052476317069, -20.527680357959817 ], [ 47.653333131095344, -20.527285096028155 ], [ 47.652737959765169, -20.526979298653668 ], [ 47.652118635342852, -20.526650520003518 ], [ 47.651594827914948, -20.526273642013191 ], [ 47.651141606475818, -20.525803107725725 ], [ 47.650662258832028, -20.525287020977931 ], [ 47.650281363569874, -20.52479113480198 ], [ 47.650107288096613, -20.524681125232728 ], [ 47.649677860920221, -20.52418670495172 ], [ 47.649351150710615, -20.523873372157762 ], [ 47.649202419931356, -20.523785204423081 ], [ 47.648754254480743, -20.523498124638294 ], [ 47.647918164667004, -20.523267391876203 ], [ 47.647330392958658, -20.523213340822625 ], [ 47.646843235602191, -20.523226337824724 ], [ 47.646188780962682, -20.523381089565095 ], [ 47.646018006900647, -20.523385668013638 ], [ 47.645310935626341, -20.523404147282996 ], [ 47.644802503907513, -20.523531904073391 ], [ 47.644236005662151, -20.523363077943031 ], [ 47.643789223368877, -20.523098561249078 ], [ 47.643539710064516, -20.522921314766442 ], [ 47.643288458370542, -20.522675199100831 ], [ 47.642960025959255, -20.52229298183553 ], [ 47.642797696531254, -20.521769019724584 ], [ 47.642829147621846, -20.521193459011297 ], [ 47.642844004421974, -20.520871526900009 ], [ 47.64319711063284, -20.520425848974604 ], [ 47.64388882058735, -20.519902156660329 ], [ 47.644223171436948, -20.519663821929157 ], [ 47.644482678008046, -20.519358252982471 ], [ 47.644997015574646, -20.518609946893438 ], [ 47.645228650356749, -20.51818995540425 ], [ 47.645435823579177, -20.51694410299071 ], [ 47.645487754031357, -20.516230070064779 ], [ 47.645479779742743, -20.515977743681216 ], [ 47.645470666912402, -20.515656540920091 ], [ 47.645505405025112, -20.515195573620456 ], [ 47.645733742892553, -20.514661552592553 ], [ 47.645872561344326, -20.5144048150343 ], [ 47.646075551819941, -20.513848384699617 ], [ 47.646116707494713, -20.513594587025135 ], [ 47.64609961677845, -20.513020494005474 ], [ 47.646015245082047, -20.512655211873565 ], [ 47.645877301670637, -20.512107369165047 ], [ 47.645620606380312, -20.511700375577359 ], [ 47.645145997264407, -20.511322002014474 ], [ 47.643663232846109, -20.51069430490416 ], [ 47.643430929867712, -20.510263424423627 ], [ 47.643410734691813, -20.509597882942426 ], [ 47.643550335553634, -20.509364292134983 ], [ 47.643737690416188, -20.509106652556724 ], [ 47.644025046292995, -20.508915509749833 ], [ 47.644289393914569, -20.508770822322553 ], [ 47.644845347608907, -20.50859531063217 ], [ 47.645574581775819, -20.508507800301889 ], [ 47.646179843499297, -20.508353962272846 ], [ 47.646639693841216, -20.508227105703778 ], [ 47.646927043422714, -20.508035958400225 ], [ 47.647134277799118, -20.507639846609337 ], [ 47.647240192755092, -20.507085785988242 ], [ 47.647284643545888, -20.506946580828114 ], [ 47.647898420050417, -20.505437037298321 ], [ 47.648158861016995, -20.505177755558044 ], [ 47.648469206263321, -20.504939580906203 ], [ 47.649000576989458, -20.504764794069306 ], [ 47.649783780371678, -20.504836676880469 ], [ 47.65015255726928, -20.504941940727324 ], [ 47.650788007435274, -20.504971376437123 ], [ 47.651226578918177, -20.504959839934038 ], [ 47.651662630500709, -20.50485685317064 ], [ 47.652322184296082, -20.503231229647813 ], [ 47.652139181252913, -20.502822037217765 ], [ 47.65170105043773, -20.502052144701668 ], [ 47.651586288850687, -20.501480993364343 ], [ 47.651523952343069, -20.501022963250556 ], [ 47.651510925663125, -20.500586605898743 ], [ 47.651697555672129, -20.499479221201369 ], [ 47.65196621284489, -20.498667683779207 ], [ 47.653295033113793, -20.497415100839635 ], [ 47.653843550314114, -20.496987232188712 ], [ 47.654199282545363, -20.496656699860662 ], [ 47.654666537005653, -20.495954994841412 ], [ 47.654708458003512, -20.495724337622452 ], [ 47.654700289461303, -20.495448863588688 ], [ 47.654614947396389, -20.495037293351114 ], [ 47.654359043509459, -20.494653454608173 ], [ 47.653881168955138, -20.494160505618002 ], [ 47.65347830865128, -20.4937573710212 ], [ 47.653049739428162, -20.493285528220134 ], [ 47.65313124768312, -20.492755349095905 ], [ 47.653324209818649, -20.492681162221704 ], [ 47.653713261032436, -20.492625364684777 ], [ 47.65393252563981, -20.492619312247381 ], [ 47.654345538390153, -20.492562779964317 ], [ 47.655439176051587, -20.492419605196741 ], [ 47.656025447690709, -20.492449933933461 ], [ 47.656539414736777, -20.492505611860601 ], [ 47.657134461960524, -20.492811972210724 ], [ 47.657534203415466, -20.493123089974496 ], [ 47.658215566669938, -20.493886742994349 ], [ 47.658421569874434, -20.494248906277345 ], [ 47.658817414566869, -20.494445430627405 ], [ 47.659474080639306, -20.494359506701208 ], [ 47.659905221923452, -20.494095057456452 ], [ 47.660359366066906, -20.493784710411763 ], [ 47.660648418065108, -20.493662410707437 ], [ 47.661011339476815, -20.493561048119766 ], [ 47.66140134846863, -20.493550960424393 ], [ 47.661982574011759, -20.493397804980713 ], [ 47.662201060705584, -20.493369161573543 ], [ 47.662615632880446, -20.493358333736182 ], [ 47.662882464429501, -20.493305636162276 ], [ 47.663243815624902, -20.493157980972281 ], [ 47.663504027264352, -20.492875530897361 ], [ 47.663762855746555, -20.492569942165623 ], [ 47.663844926977148, -20.492039755846893 ], [ 47.663832831994945, -20.491649129021102 ], [ 47.664803449594871, -20.491786814326986 ], [ 47.665999656734336, -20.492562040722262 ], [ 47.666221416061141, -20.493320440801952 ], [ 47.666269804983195, -20.494054095136256 ], [ 47.666318708317618, -20.49635567428961 ], [ 47.666431486000135, -20.496897467258762 ], [ 47.667035871784087, -20.49806983966516 ], [ 47.667544090363613, -20.499054876994347 ], [ 47.67048658666323, -20.501632346567721 ], [ 47.672164334893004, -20.503335142714029 ], [ 47.6727271288308, -20.502749029355908 ], [ 47.673923428600332, -20.50150345303436 ], [ 47.674108431735704, -20.500885581916869 ], [ 47.674687346920436, -20.498949929709262 ], [ 47.675412302112939, -20.497964600999904 ], [ 47.677245798531956, -20.498393047915062 ], [ 47.677993008347983, -20.499506201763502 ], [ 47.679107178430968, -20.499529859329343 ], [ 47.680116466878928, -20.499551436763195 ], [ 47.681247379640503, -20.498901947281215 ], [ 47.682686054795347, -20.498075215813195 ], [ 47.683291752689975, -20.497540704654796 ], [ 47.685063731883552, -20.49577036492644 ], [ 47.686486885639262, -20.495548976120567 ], [ 47.68702384655132, -20.495704334003978 ], [ 47.689158008813365, -20.496558467814875 ], [ 47.689655780868044, -20.496757574118554 ], [ 47.691551269354321, -20.498397069684021 ], [ 47.692476583606265, -20.49899903269392 ], [ 47.693882081871628, -20.499992180109256 ], [ 47.695051455039945, -20.502008955662117 ], [ 47.695056319472968, -20.503413657127126 ], [ 47.6947915329823, -20.504305390693354 ], [ 47.694295208836301, -20.505978520003907 ], [ 47.69449555800314, -20.506810989146629 ], [ 47.695302483702285, -20.506703518363597 ], [ 47.696882807475347, -20.506492761342997 ], [ 47.697371548538015, -20.507854991425074 ], [ 47.697683063802288, -20.508722219364948 ], [ 47.697313894800416, -20.511065742898396 ], [ 47.696481387885875, -20.513545870752679 ], [ 47.697222325829962, -20.515478777330063 ], [ 47.698471802512231, -20.517523161170395 ], [ 47.698982842265011, -20.51867405866572 ], [ 47.699035678334639, -20.519564050245126 ], [ 47.699096206305676, -20.520588361867265 ], [ 47.698585332927649, -20.522532607996222 ], [ 47.697886334867363, -20.524266494604888 ], [ 47.69818855653763, -20.52538446702081 ], [ 47.699019073252714, -20.526169999646704 ], [ 47.699730755351297, -20.526276614275279 ], [ 47.701545859735077, -20.527411231343603 ], [ 47.70267586598009, -20.528390477038798 ], [ 47.703681580522378, -20.529048803259325 ], [ 47.704624441446676, -20.527822385195336 ], [ 47.706099176717522, -20.525902699551391 ], [ 47.707338625958805, -20.525179980973235 ], [ 47.708364162458217, -20.525263375106544 ], [ 47.709268236522099, -20.525370800024312 ], [ 47.710360837265128, -20.524649138149567 ], [ 47.711058196760611, -20.523240994979069 ], [ 47.71212566325115, -20.522381744925259 ], [ 47.712391477666984, -20.522057971901692 ], [ 47.713679430044088, -20.521265411074058 ], [ 47.715691668518268, -20.519502047386879 ], [ 47.715828789949242, -20.518259489190033 ], [ 47.716795112387047, -20.516918225902103 ], [ 47.71678371887603, -20.515401236885108 ], [ 47.716943485236023, -20.513928151871035 ], [ 47.717502115312747, -20.513579067428559 ], [ 47.71891257603707, -20.512900745681783 ], [ 47.71995801453339, -20.512432317606649 ], [ 47.722024953371672, -20.511357859787338 ], [ 47.72272823400359, -20.510823066241691 ], [ 47.723509627050554, -20.510816718826778 ], [ 47.724262806566266, -20.510373577888888 ], [ 47.725814066049345, -20.508981644098995 ], [ 47.726521742567527, -20.508975829082644 ], [ 47.727454886317233, -20.509703443570189 ], [ 47.728469372846824, -20.5115568168038 ], [ 47.729305256715826, -20.512332003628909 ], [ 47.730658864998489, -20.513814722180772 ], [ 47.731475406249025, -20.515209966375213 ], [ 47.731777850051927, -20.516471838412368 ], [ 47.731542989401653, -20.517692547580097 ], [ 47.73081456012801, -20.518158116710534 ], [ 47.729939888499203, -20.518694217870323 ], [ 47.729139671742466, -20.519390671748212 ], [ 47.728902107730121, -20.52022013355802 ], [ 47.729765862488769, -20.521454121215776 ], [ 47.730941071357712, -20.521950117109125 ], [ 47.732019573429078, -20.522562003238441 ], [ 47.732879713812387, -20.523290124943596 ], [ 47.733084312275992, -20.524529573284781 ], [ 47.733653360998652, -20.52549077857968 ], [ 47.734411002950409, -20.525644899895333 ], [ 47.735655515374766, -20.525611884883837 ], [ 47.736479526394142, -20.524823198335589 ], [ 47.737132545715625, -20.524013203250831 ], [ 47.737914174384883, -20.524098815112332 ], [ 47.738434299089015, -20.525082954018757 ], [ 47.739144178046864, -20.525329441104329 ], [ 47.739700455497129, -20.524704219827804 ], [ 47.740203350090006, -20.523435763854007 ], [ 47.74058514647276, -20.522305975245818 ], [ 47.741308914560278, -20.521219915272635 ], [ 47.742234623614578, -20.520982046390291 ], [ 47.742947201437843, -20.521619760149456 ], [ 47.743859429654783, -20.522761277715901 ], [ 47.74447824056427, -20.523859831070922 ], [ 47.744974419020309, -20.524913009132153 ], [ 47.746005224647632, -20.525616627009462 ], [ 47.747009324007422, -20.526068069589318 ], [ 47.74810915799776, -20.526288996143808 ], [ 47.749133738517848, -20.526188102102818 ], [ 47.749721971578403, -20.52650490987719 ], [ 47.750267922113707, -20.527626572211542 ], [ 47.75081504446571, -20.528955426653894 ], [ 47.750794980590918, -20.529484597638085 ], [ 47.750238330821226, -20.530133001638315 ], [ 47.749656920917083, -20.530689564173361 ], [ 47.749665329578292, -20.531746974444086 ], [ 47.751315876913466, -20.533709981330396 ], [ 47.75234422829088, -20.534046029200589 ], [ 47.753157135381045, -20.535050480194762 ], [ 47.754209475274706, -20.53538633201272 ], [ 47.754586060985687, -20.536670168192121 ], [ 47.755231732846099, -20.538090281339201 ], [ 47.756530183009659, -20.538676620427154 ], [ 47.758435209705468, -20.538844490578281 ], [ 47.7596837555893, -20.53927084297241 ], [ 47.760736132355234, -20.539606656119542 ], [ 47.762084150451948, -20.54030774870057 ], [ 47.763266508031926, -20.541676867589665 ], [ 47.764714025321176, -20.54258381588625 ], [ 47.765744243691294, -20.54319584500784 ], [ 47.766385284942423, -20.543994903437305 ], [ 47.766515679444645, -20.545074514372061 ], [ 47.766011566270336, -20.546113252918396 ], [ 47.764675751074542, -20.547043743667359 ], [ 47.764142498067237, -20.547485372845031 ], [ 47.763415032866845, -20.548135123130336 ], [ 47.762837767938009, -20.549174411162436 ], [ 47.762771958248727, -20.550163498138794 ], [ 47.76272914512343, -20.550899473623222 ], [ 47.761761863108923, -20.55210321168456 ], [ 47.761111250373304, -20.553119907847609 ], [ 47.760461619697388, -20.554321213242932 ], [ 47.760198027506377, -20.554966847331336 ], [ 47.760499417303777, -20.556067739822932 ], [ 47.760710118566656, -20.556311725893909 ], [ 47.759873779640763, -20.557133361803263 ], [ 47.759698406445835, -20.558628016157229 ], [ 47.759123099341195, -20.560599402926275 ], [ 47.756679564000109, -20.560787953886916 ], [ 47.755688647802145, -20.56155428958429 ], [ 47.756380721982261, -20.563616523168385 ], [ 47.756757457880006, -20.565604369329648 ], [ 47.755292604359838, -20.566892031224913 ], [ 47.751250087910535, -20.568965384026683 ], [ 47.749194541683941, -20.570520008771823 ], [ 47.749324594443806, -20.573885624400688 ], [ 47.746968322119642, -20.577093341561387 ], [ 47.745577650077671, -20.578313750355473 ], [ 47.744410048573812, -20.576865381409078 ], [ 47.741346005302432, -20.575038906897703 ], [ 47.738616074560404, -20.574853932540581 ], [ 47.736993627442025, -20.575470785625399 ], [ 47.735678793429685, -20.577798267951611 ], [ 47.736315796725037, -20.581449165620484 ], [ 47.737755832554235, -20.582717698936079 ], [ 47.738428259245559, -20.584526650157297 ], [ 47.739745169792769, -20.587106482249585 ], [ 47.741786235136026, -20.590090163000379 ], [ 47.742810821052217, -20.592618529589966 ], [ 47.743364637957569, -20.595554117295691 ], [ 47.744911088765974, -20.597607666126912 ], [ 47.745705200025313, -20.599464204974158 ], [ 47.746847660981459, -20.603492289100917 ], [ 47.74728472789878, -20.605697142570975 ], [ 47.747447972836689, -20.606520648170886 ], [ 47.746482163911672, -20.608508498828535 ], [ 47.746965339070265, -20.610037099891901 ], [ 47.747249192087772, -20.611746742576827 ], [ 47.747558642508729, -20.613433608132336 ], [ 47.749221859492906, -20.615788820154666 ], [ 47.749207821975432, -20.621571298130569 ], [ 47.748274649447609, -20.624365680583882 ], [ 47.74632847607031, -20.626520740390756 ], [ 47.74785050668779, -20.628620139357842 ], [ 47.751004436298444, -20.630931810703313 ], [ 47.751902619803005, -20.632444803133296 ], [ 47.752138390567382, -20.634502717273641 ], [ 47.739869998393374, -20.633720005820408 ], [ 47.717429998684899, -20.634600005930618 ], [ 47.715149998763408, -20.649700006187395 ], [ 47.702529998650107, -20.665020005796897 ], [ 47.674420000069766, -20.669300005315439 ], [ 47.670956344845806, -20.668191146628995 ], [ 47.670086204900727, -20.668129177944046 ] ] ] } },
{ "type": "Feature", "properties": { "fid": 11, "csb_secto": "CSB2 ANALAMPASINA" }, "geometry": { "type": "Polygon", "coordinates": [ [ [ 47.572363971109148, -20.87903658597763 ], [ 47.572375506713179, -20.880558517668597 ], [ 47.572290159252468, -20.882651850708356 ], [ 47.572303863121924, -20.884459144479024 ], [ 47.571705950658227, -20.885699778126586 ], [ 47.570730000977946, -20.88730000479481 ], [ 47.568584828316112, -20.887908528358871 ], [ 47.566373857656231, -20.890016041009243 ], [ 47.565376025671917, -20.891925200987956 ], [ 47.565185065427393, -20.893448479863348 ], [ 47.565189369582775, -20.894019204022587 ], [ 47.565730770447885, -20.895726352887543 ], [ 47.566122612258006, -20.896961873889406 ], [ 47.566243946090687, -20.899624575810247 ], [ 47.565699998345735, -20.901170004987531 ], [ 47.566333898080522, -20.902259541739728 ], [ 47.566570613132939, -20.902666404026398 ], [ 47.565572711900813, -20.904575564005022 ], [ 47.564782272573574, -20.907149209660904 ], [ 47.56186739085701, -20.909927239741265 ], [ 47.559663896261398, -20.913081007471646 ], [ 47.555936080475149, -20.915483838595879 ], [ 47.551149998262808, -20.916980005609258 ], [ 47.550645090087784, -20.917908080779345 ], [ 47.549382630792799, -20.921045424191274 ], [ 47.548841398101146, -20.923007465205558 ], [ 47.548162164441578, -20.925100974512432 ], [ 47.547159247690331, -20.92682837880778 ], [ 47.545151665006422, -20.927402743422508 ], [ 47.544221033962643, -20.928803343079647 ], [ 47.542311480079491, -20.928299261381831 ], [ 47.539936736579563, -20.927335810479676 ], [ 47.53834518656938, -20.926762425226297 ], [ 47.537978166047729, -20.925316115727501 ], [ 47.539569758326017, -20.925247020814812 ], [ 47.540940613806747, -20.924947876624948 ], [ 47.540451128105417, -20.924007104826174 ], [ 47.539031099493812, -20.923180800536038 ], [ 47.536166988103759, -20.921437417086416 ], [ 47.532666282610151, -20.919119415412997 ], [ 47.529726875481799, -20.916859031504469 ], [ 47.52857829373999, -20.915975764155913 ], [ 47.525126979012995, -20.912900737466284 ], [ 47.522410407699873, -20.910123531164544 ], [ 47.519644424036272, -20.907851327466357 ], [ 47.518004723424291, -20.906566105431565 ], [ 47.51531256151015, -20.904431673374162 ], [ 47.51222876552923, -20.901884153922857 ], [ 47.511808213762151, -20.901578822397159 ], [ 47.508435229985473, -20.899129913608096 ], [ 47.505767424410351, -20.897591929018517 ], [ 47.504717198822732, -20.896650199441783 ], [ 47.501876643375063, -20.894103053209225 ], [ 47.500163585063788, -20.892726075144687 ], [ 47.496566457857639, -20.890200661928599 ], [ 47.494876358338871, -20.889172514697869 ], [ 47.494495651934457, -20.888940917687336 ], [ 47.493850047523182, -20.888548169360817 ], [ 47.491843483771028, -20.887148093108937 ], [ 47.492945474335471, -20.88606905414315 ], [ 47.494169190836885, -20.886275390096756 ], [ 47.496592492331267, -20.886206586564441 ], [ 47.497131536972411, -20.884874727487144 ], [ 47.495418816806264, -20.883015527545826 ], [ 47.49255578460275, -20.881592579735653 ], [ 47.490450580510611, -20.881821942830065 ], [ 47.488908131685584, -20.882671657372224 ], [ 47.486999027463675, -20.882855157740238 ], [ 47.486436466450122, -20.881707444744304 ], [ 47.487611961303358, -20.8804444908228 ], [ 47.488566805693992, -20.879755961770847 ], [ 47.48842088799389, -20.877758773452371 ], [ 47.487735845613017, -20.877345231001534 ], [ 47.486830346123639, -20.876932487148629 ], [ 47.485607542433975, -20.875004078080721 ], [ 47.485496111036525, -20.874847196745851 ], [ 47.484482396125287, -20.873420018524804 ], [ 47.482744776429776, -20.873328011584185 ], [ 47.481103794284117, -20.875416989207206 ], [ 47.47963491539835, -20.875876031957532 ], [ 47.478631906916071, -20.874957968939714 ], [ 47.476356740849681, -20.872983455227846 ], [ 47.475255726049561, -20.872133721799727 ], [ 47.473885299545401, -20.872019045648379 ], [ 47.471853342536001, -20.872707314796113 ], [ 47.467667209751909, -20.874314319654449 ], [ 47.46463188093427, -20.874726885441362 ], [ 47.462331767674414, -20.874037925613912 ], [ 47.461686701957127, -20.873704206088515 ], [ 47.459721445865149, -20.87291663200153 ], [ 47.458946885867107, -20.872444227124145 ], [ 47.457947706698178, -20.872197888426676 ], [ 47.456940985814654, -20.872342291668168 ], [ 47.456180855438859, -20.872398255579633 ], [ 47.454718448973793, -20.872052496829991 ], [ 47.453596571700885, -20.871827195073784 ], [ 47.452463586002025, -20.872176154510431 ], [ 47.451359821075087, -20.872273118514006 ], [ 47.450436613035365, -20.871889646694427 ], [ 47.450357809041741, -20.870899806086268 ], [ 47.451023526790351, -20.86937025623828 ], [ 47.451575161940191, -20.86868998566068 ], [ 47.452096679694016, -20.868307441941472 ], [ 47.452406602258939, -20.867462063930159 ], [ 47.452427288464506, -20.866381502411972 ], [ 47.452437410334127, -20.865852759505113 ], [ 47.452077419812859, -20.864191600170923 ], [ 47.451101989041142, -20.861416777972124 ], [ 47.450514734442812, -20.860119450163332 ], [ 47.449748273739146, -20.859233094542958 ], [ 47.449141462483681, -20.85894708315276 ], [ 47.448384064248266, -20.85886522955812 ], [ 47.447279796600355, -20.859007898906654 ], [ 47.445110132701167, -20.858512135937705 ], [ 47.444511207600797, -20.857835353830154 ], [ 47.44397164854724, -20.856608290952185 ], [ 47.443627184821132, -20.855406599747663 ], [ 47.443356318913281, -20.854206727871766 ], [ 47.443036797884069, -20.853006016028921 ], [ 47.442904785501561, -20.852221996962154 ], [ 47.442408272497765, -20.851317058650313 ], [ 47.441444433987279, -20.8504961988559 ], [ 47.440627777623547, -20.849677845471938 ], [ 47.440297576245761, -20.849028810147573 ], [ 47.440193780991777, -20.848061122539367 ], [ 47.440725677821376, -20.84712749405567 ], [ 47.441863867896807, -20.846502492213794 ], [ 47.442864199097258, -20.846680048063259 ], [ 47.444002038437247, -20.847342906866903 ], [ 47.445312868667997, -20.847916648251658 ], [ 47.446289770730473, -20.848047460039172 ], [ 47.447175591254769, -20.847809556982654 ], [ 47.447945845298811, -20.847224541696736 ], [ 47.448003851570753, -20.84674258511998 ], [ 47.447501984003495, -20.846113220666712 ], [ 47.447223088948469, -20.845326693390646 ], [ 47.446766770244245, -20.844859663761152 ], [ 47.447072977709837, -20.844220958949116 ], [ 47.447842465531416, -20.843658533733709 ], [ 47.448635244894696, -20.843165977747351 ], [ 47.448866521746652, -20.842594908248437 ], [ 47.448733459855319, -20.841880343823217 ], [ 47.447857182936467, -20.840325001418883 ], [ 47.447691798511435, -20.838736052249008 ], [ 47.448416625100897, -20.836678809002894 ], [ 47.449022458793166, -20.835723259544398 ], [ 47.449499376468758, -20.835110069398201 ], [ 47.45032266353379, -20.83429606153846 ], [ 47.450892582800279, -20.833937514429504 ], [ 47.451708294875715, -20.833514254804047 ], [ 47.452841896610153, -20.833119577431852 ], [ 47.453581204982498, -20.832855424064054 ], [ 47.454050542272647, -20.83263353973167 ], [ 47.455535674605763, -20.831784483493305 ], [ 47.456160440825798, -20.831104891004408 ], [ 47.456220051488309, -20.830554040963026 ], [ 47.456064707993896, -20.829700722837345 ], [ 47.455368404302362, -20.828999712993902 ], [ 47.455304157634622, -20.828515664594125 ], [ 47.455534947054012, -20.827967738248638 ], [ 47.455886184473698, -20.827513941243868 ], [ 47.456384123802145, -20.827085231726713 ], [ 47.456964802557458, -20.826151828972954 ], [ 47.457147966579249, -20.825534174592043 ], [ 47.457344593452007, -20.824203902818056 ], [ 47.457539886630201, -20.822942521810848 ], [ 47.457736366913487, -20.821635400385098 ], [ 47.457632050952036, -20.820690873017501 ], [ 47.45827289255346, -20.819160877105752 ], [ 47.459427890058748, -20.818927511128901 ], [ 47.460687567750867, -20.818327075167986 ], [ 47.462047795942901, -20.817591079898477 ], [ 47.463365267666873, -20.81653238000008 ], [ 47.463984921241064, -20.816128321799564 ], [ 47.464699067482009, -20.815887428497184 ], [ 47.465880559913984, -20.815538679501799 ], [ 47.467312233846748, -20.814895939431818 ], [ 47.468475587852389, -20.814225458874056 ], [ 47.468500090780879, -20.814200732913672 ], [ 47.470247038244615, -20.812437865652232 ], [ 47.471490701708888, -20.811401011185609 ], [ 47.473069583868771, -20.81073700484724 ], [ 47.474578721805173, -20.809888217506128 ], [ 47.476194697402072, -20.808558284776662 ], [ 47.476940465604756, -20.807949591240654 ], [ 47.478469465068635, -20.807331011457411 ], [ 47.47967459797934, -20.807028894108811 ], [ 47.481074758768209, -20.80675323391554 ], [ 47.4822556981172, -20.806427533644921 ], [ 47.483118657874954, -20.806097008511589 ], [ 47.483491881920081, -20.805758205118636 ], [ 47.483993193706198, -20.805145343224932 ], [ 47.484205836605362, -20.804252520579841 ], [ 47.484171999613366, -20.80344703559506 ], [ 47.484085120606998, -20.802870544083479 ], [ 47.483975385330901, -20.802202162543242 ], [ 47.484058336997748, -20.801698024188262 ], [ 47.484583214618766, -20.8011087281294 ], [ 47.485234678113059, -20.800676738784802 ], [ 47.48594947096646, -20.800414868795741 ], [ 47.487574652923172, -20.799871842856206 ], [ 47.488831893452556, -20.799390928593681 ], [ 47.489706130708861, -20.798535220969431 ], [ 47.49041157061297, -20.797584007142525 ], [ 47.490583262882787, -20.797301571456845 ], [ 47.491197761542921, -20.796290704699285 ], [ 47.491630787806024, -20.795495313705246 ], [ 47.49173050193653, -20.794303377447019 ], [ 47.491321353572943, -20.792894966278482 ], [ 47.490865637414402, -20.791394244198589 ], [ 47.490633592541329, -20.790838415510343 ], [ 47.490834269061295, -20.789487764199574 ], [ 47.491331949384943, -20.787982260424439 ], [ 47.491410283932339, -20.786652128045375 ], [ 47.491433501729574, -20.78559616928051 ], [ 47.491514334593624, -20.784151403917591 ], [ 47.491686562859265, -20.782983858172617 ], [ 47.492242622673636, -20.782144791603447 ], [ 47.493936362647759, -20.780708084166239 ], [ 47.494489904360336, -20.779983641587634 ], [ 47.495055782972734, -20.778708629556135 ], [ 47.494874642425508, -20.776937453458189 ], [ 47.494429169545022, -20.776079760130713 ], [ 47.494446938350002, -20.775276212285704 ], [ 47.494759771121046, -20.77438670454157 ], [ 47.495153635506291, -20.773154541608335 ], [ 47.495225771026909, -20.772099972295955 ], [ 47.495033478886292, -20.770833619836381 ], [ 47.494866984697801, -20.769521939747122 ], [ 47.494458629536147, -20.768090370136548 ], [ 47.493795501834917, -20.767136343230217 ], [ 47.49306772906629, -20.766892993879228 ], [ 47.492039616908478, -20.766965422578767 ], [ 47.490774498318082, -20.766711275967268 ], [ 47.490278527605462, -20.765921067766119 ], [ 47.490109580965786, -20.764724008969498 ], [ 47.489921024608918, -20.763297274114294 ], [ 47.489812392800964, -20.762631346823895 ], [ 47.490552679635776, -20.762227373159785 ], [ 47.493703234989873, -20.762452915035055 ], [ 47.497670670638904, -20.762338892691073 ], [ 47.500763852843903, -20.762319612125967 ], [ 47.501146359691113, -20.762317224425896 ], [ 47.502098725550198, -20.762416579726946 ], [ 47.503962210762147, -20.762610978079724 ], [ 47.508590922408267, -20.761803546962408 ], [ 47.511396790105159, -20.760696135285475 ], [ 47.51420150127376, -20.759433009593561 ], [ 47.517279999348311, -20.758020004688262 ], [ 47.518141267481198, -20.754893400980148 ], [ 47.516129999375238, -20.752050004575917 ], [ 47.515946375799651, -20.74883582308831 ], [ 47.517415766399488, -20.746024304952886 ], [ 47.518720736647673, -20.743369497281105 ], [ 47.51936037945287, -20.740251859813796 ], [ 47.518338513086405, -20.736210673464171 ], [ 47.517000211264943, -20.734195309847046 ], [ 47.516071708016895, -20.731516262748055 ], [ 47.517274955049253, -20.731715305199803 ], [ 47.518179101958253, -20.731715793531709 ], [ 47.518813954974341, -20.731699353924753 ], [ 47.519306085581782, -20.731824966731523 ], [ 47.519806026801113, -20.732202911317941 ], [ 47.520003340756084, -20.732267155287531 ], [ 47.520277848018743, -20.732466977451477 ], [ 47.520650925474399, -20.732687067636402 ], [ 47.520899137459793, -20.732818740974423 ], [ 47.52161993688528, -20.733237057926022 ], [ 47.521749262093465, -20.73348635809095 ], [ 47.522402378541763, -20.734090293314072 ], [ 47.52255477855504, -20.73429314709276 ], [ 47.52270993858771, -20.734588015006324 ], [ 47.523025784087586, -20.735361215228981 ], [ 47.523284740273553, -20.735859810162943 ], [ 47.52353894534108, -20.736198086553159 ], [ 47.523841294715119, -20.736512342950814 ], [ 47.524212393662211, -20.736663554959513 ], [ 47.524629337349211, -20.736721877792945 ], [ 47.525067657921262, -20.736664884157573 ], [ 47.526031528807387, -20.736204231620782 ], [ 47.527173969078795, -20.735164279889009 ], [ 47.527743183276726, -20.734575147506838 ], [ 47.528028789972105, -20.734315300092909 ], [ 47.528606756372142, -20.734024787595949 ], [ 47.528823146746305, -20.733904273045951 ], [ 47.529372049755779, -20.733454160563561 ], [ 47.529926939552155, -20.733210089956344 ], [ 47.530993343943251, -20.732907412330022 ], [ 47.531465945772453, -20.733194028064634 ], [ 47.531897176089593, -20.733734416292759 ], [ 47.532179695412438, -20.734209698101374 ], [ 47.53231134087153, -20.734528420532232 ], [ 47.532521421602269, -20.735028443589609 ], [ 47.532654762283371, -20.735415472227853 ], [ 47.532892216578503, -20.736006784566772 ], [ 47.533200580618391, -20.736527630526808 ], [ 47.53371026958942, -20.737249878759592 ], [ 47.53451109608649, -20.737895725088066 ], [ 47.534785165379375, -20.738072942792421 ], [ 47.535083533454632, -20.738248876264858 ], [ 47.535602298383772, -20.738442587535538 ], [ 47.535997714099729, -20.738593052207751 ], [ 47.5365200178611, -20.738901918069136 ], [ 47.53679732291473, -20.73919316171493 ], [ 47.537002657922983, -20.739532860832554 ], [ 47.537184455874652, -20.739895858686452 ], [ 47.53744393366739, -20.740417576089513 ], [ 47.537677878807848, -20.740894288719446 ], [ 47.537985800381207, -20.741391977136796 ], [ 47.53881050477802, -20.742014498648722 ], [ 47.539350817463252, -20.742115464635482 ], [ 47.540135665705556, -20.742210332319413 ], [ 47.540575230040055, -20.742199025143421 ], [ 47.541147694387881, -20.742552153837131 ], [ 47.541700804426007, -20.743089467283156 ], [ 47.542183779934916, -20.743720955035883 ], [ 47.542672000290189, -20.744535339711604 ], [ 47.542901657463069, -20.744874307680309 ], [ 47.54353306967316, -20.745570324487737 ], [ 47.543883612816252, -20.745859952951225 ], [ 47.54430490022883, -20.746056525864653 ], [ 47.544942578015466, -20.746131999668734 ], [ 47.545235426051995, -20.746124453457462 ], [ 47.545742194025031, -20.745904921751624 ], [ 47.545957349629937, -20.745738662286339 ], [ 47.546422690332882, -20.744945198539543 ], [ 47.546534780034044, -20.744597805721753 ], [ 47.546808333115976, -20.74392471892854 ], [ 47.547148775073801, -20.743042857220459 ], [ 47.547302977328485, -20.742464267590613 ], [ 47.547415532878418, -20.742140019725088 ], [ 47.547714146468614, -20.741488789155628 ], [ 47.548090754662489, -20.74099683031902 ], [ 47.548448307121618, -20.740689056234668 ], [ 47.548735122505889, -20.740474899776746 ], [ 47.549169893453779, -20.740302689497579 ], [ 47.549634053346828, -20.740291198859762 ], [ 47.55000488249739, -20.740442356009861 ], [ 47.550376014719447, -20.740594075236324 ], [ 47.551376264081625, -20.741372349433941 ], [ 47.551628528412152, -20.741641712574406 ], [ 47.552031229536041, -20.74204503153225 ], [ 47.5522882863538, -20.742475273494126 ], [ 47.552668226535936, -20.742925037938967 ], [ 47.553437755726442, -20.743341767587168 ], [ 47.553779807470733, -20.743333322053857 ], [ 47.554168920737808, -20.743277142304958 ], [ 47.554679212254534, -20.743172177033198 ], [ 47.554991098938771, -20.74298043168049 ], [ 47.556676780987509, -20.742133221750208 ], [ 47.556872108339959, -20.742128555168165 ], [ 47.557382862108341, -20.742046163778962 ], [ 47.55774767299566, -20.741991263765403 ], [ 47.558065112094255, -20.741982971116883 ], [ 47.562405431844674, -20.742620230718643 ], [ 47.563470489051518, -20.744981527553811 ], [ 47.564047396949732, -20.747851808291188 ], [ 47.564204778307989, -20.750332932594414 ], [ 47.565053637595703, -20.752417570089303 ], [ 47.565620857097421, -20.753981501918499 ], [ 47.56692999840152, -20.75628000449122 ], [ 47.566786594306883, -20.761289618590979 ], [ 47.56667409001853, -20.76481763019758 ], [ 47.566707319968359, -20.769259148856349 ], [ 47.566453967458358, -20.772526807630076 ], [ 47.566175303529278, -20.774396493666298 ], [ 47.565749998845313, -20.777250005644706 ], [ 47.565825942095742, -20.78141441979886 ], [ 47.566281782360939, -20.786636952889573 ], [ 47.565624403126485, -20.791605574991159 ], [ 47.565235047042755, -20.795266032453267 ], [ 47.565278093992127, -20.801013835269085 ], [ 47.565030582578856, -20.805065257702161 ], [ 47.565055053131928, -20.80833104768465 ], [ 47.565019999357432, -20.81078000593627 ], [ 47.564813412492967, -20.813166250864207 ], [ 47.564837892039307, -20.816432033652081 ], [ 47.565278213603101, -20.819564419101777 ], [ 47.565581578311885, -20.822958983007887 ], [ 47.566569998891325, -20.826000005431585 ], [ 47.566174623645011, -20.827919266595558 ], [ 47.566893902316998, -20.83118041967353 ], [ 47.565662985843495, -20.833801338192792 ], [ 47.566101436817462, -20.836672440011153 ], [ 47.566120092354112, -20.839154417770839 ], [ 47.566268869898273, -20.840459797209913 ], [ 47.56697348512423, -20.841761479536089 ], [ 47.567966851974873, -20.844498242425882 ], [ 47.568119591932046, -20.846326136067361 ], [ 47.568268396455764, -20.847631511009833 ], [ 47.567250000573594, -20.849930004589094 ], [ 47.566520172854148, -20.850420010997492 ], [ 47.566815012889101, -20.851157476658621 ], [ 47.565934150327372, -20.852466386835911 ], [ 47.564441562614448, -20.85317864090274 ], [ 47.564392518086677, -20.854165289816947 ], [ 47.564955421741935, -20.854900022438414 ], [ 47.566032199812881, -20.855518983534324 ], [ 47.568528320312709, -20.856183817249239 ], [ 47.568430278021992, -20.856642908562897 ], [ 47.568063496720043, -20.857148390505156 ], [ 47.567427093272762, -20.858020953223274 ], [ 47.567231396298972, -20.859191500005878 ], [ 47.568112294833732, -20.859397915099823 ], [ 47.569556237317776, -20.859397320648014 ], [ 47.569727516798814, -20.860086093416292 ], [ 47.568675278528659, -20.860775121591939 ], [ 47.567990221758656, -20.861808349992156 ], [ 47.568601936118007, -20.8635527712593 ], [ 47.570168521847563, -20.864952070496933 ], [ 47.571392312992835, -20.866650611051334 ], [ 47.571245520252674, -20.868922885795815 ], [ 47.571312115050155, -20.869719230970524 ], [ 47.572504395749576, -20.870854835494573 ], [ 47.573624863784886, -20.871798591243838 ], [ 47.574549999971111, -20.872900004442883 ], [ 47.573861630998188, -20.875590462139915 ], [ 47.573265483903818, -20.877793917164183 ], [ 47.572363971109148, -20.87903658597763 ] ] ] } },
{ "type": "Feature", "properties": { "fid": 12, "csb_secto": "CSB2 ANDRORANGAVOLA" }, "geometry": { "type": "Polygon", "coordinates": [ [ [ 47.688611084376276, -21.585080499599503 ], [ 47.686173731874206, -21.585099193806681 ], [ 47.682152095884121, -21.585129961412353 ], [ 47.679470997429959, -21.5851504209887 ], [ 47.676303412513555, -21.585288530774367 ], [ 47.673009992657839, -21.584971574611792 ], [ 47.671289572496548, -21.585536755349882 ], [ 47.670057866418006, -21.585802559872935 ], [ 47.669490832176685, -21.585671934245166 ], [ 47.668492176413267, -21.58544187687394 ], [ 47.667783993576826, -21.585471936713297 ], [ 47.665666870769712, -21.585252550697454 ], [ 47.664066515497339, -21.585053513641494 ], [ 47.662957993156809, -21.584783028147104 ], [ 47.661602876711235, -21.584398679488476 ], [ 47.659629705685937, -21.58351124827885 ], [ 47.658443853340579, -21.582665867569538 ], [ 47.657182452547424, -21.581453027469603 ], [ 47.65621615439111, -21.580238532617173 ], [ 47.655672149089419, -21.579712029022136 ], [ 47.654827403300828, -21.5783128907633 ], [ 47.654154288628241, -21.57672901916569 ], [ 47.653765217629186, -21.573142356473323 ], [ 47.653855037418403, -21.571646761428482 ], [ 47.653994137357891, -21.570127653608708 ], [ 47.653392379392969, -21.569000159171029 ], [ 47.653178543093382, -21.568039949425582 ], [ 47.652897263036287, -21.567208482127633 ], [ 47.652823252429087, -21.566567830283439 ], [ 47.652267801455778, -21.565738407144465 ], [ 47.651884996033587, -21.564829079241839 ], [ 47.651568177467098, -21.564076490581115 ], [ 47.6509431099742, -21.563119337631395 ], [ 47.650247877375101, -21.561970343101525 ], [ 47.650171702999096, -21.561073222596207 ], [ 47.650228249671343, -21.559662148535214 ], [ 47.650700941432611, -21.558825063172527 ], [ 47.650827660405461, -21.55760582889291 ], [ 47.650954921669523, -21.556450709080586 ], [ 47.651215988564211, -21.554909869143685 ], [ 47.651405240096771, -21.552984841526786 ], [ 47.651596123898962, -21.551252161808428 ], [ 47.651651571599629, -21.54971285071883 ], [ 47.651772828090316, -21.547852444786919 ], [ 47.652304196118479, -21.545860743232257 ], [ 47.652629408057365, -21.54380645425908 ], [ 47.652957338646836, -21.542072749313604 ], [ 47.653766625066197, -21.540527819259921 ], [ 47.654165255858246, -21.539050067663851 ], [ 47.654329999965853, -21.537300004050266 ], [ 47.653730602721375, -21.536296108837252 ], [ 47.65235673990766, -21.535921611352251 ], [ 47.649474150147782, -21.535430068901626 ], [ 47.645355882903083, -21.53469114274127 ], [ 47.641920232567742, -21.533626470444911 ], [ 47.638483548012026, -21.53243349007354 ], [ 47.635254108624579, -21.531431281089237 ], [ 47.633479999836275, -21.531180004214313 ], [ 47.632514056012965, -21.531579614367914 ], [ 47.631561094802727, -21.532356050351183 ], [ 47.630203909017247, -21.53396902221138 ], [ 47.629255734898301, -21.535322509084562 ], [ 47.628099814688767, -21.536421020171232 ], [ 47.626403103354441, -21.538421173554479 ], [ 47.625322075987029, -21.540288583406461 ], [ 47.62451141900079, -21.541705166714333 ], [ 47.62357999835227, -21.542880004162381 ], [ 47.620957800096193, -21.542949322106917 ], [ 47.618559642746924, -21.54303084115357 ], [ 47.616503092876876, -21.542981614063322 ], [ 47.61339517797834, -21.544134719394098 ], [ 47.61059533304104, -21.542417437867563 ], [ 47.609247477721489, -21.539820932344544 ], [ 47.607640502539432, -21.537970905488233 ], [ 47.60721510342637, -21.534623115321665 ], [ 47.606262243839303, -21.5316514216345 ], [ 47.605287086461281, -21.525949547195637 ], [ 47.605661619019799, -21.523092431633714 ], [ 47.606428937676419, -21.519611966284533 ], [ 47.606399485778489, -21.5160131024899 ], [ 47.607307508765267, -21.513524472445056 ], [ 47.60728008214069, -21.510173801750025 ], [ 47.608577770578101, -21.506689520577382 ], [ 47.609086866895723, -21.504079634041798 ], [ 47.609100000594644, -21.499800004143101 ], [ 47.629879999294666, -21.502330004801902 ], [ 47.640669999553502, -21.494800004697122 ], [ 47.628119999967957, -21.470030004574536 ], [ 47.65154999946477, -21.466530004153064 ], [ 47.6662500001704, -21.46458000416245 ], [ 47.673879999495838, -21.460970004063405 ], [ 47.675769998519804, -21.454250004438848 ], [ 47.68491999869137, -21.426200003248034 ], [ 47.675269562671993, -21.430511615736094 ], [ 47.666049999938792, -21.434630005285307 ], [ 47.666306868798138, -21.432809024732595 ], [ 47.666785465507921, -21.431506350454313 ], [ 47.666859907789558, -21.430665201954596 ], [ 47.667338492808248, -21.429362524078989 ], [ 47.667818375548592, -21.428212674293942 ], [ 47.667971812480069, -21.427065263470276 ], [ 47.668287814462019, -21.425840218670928 ], [ 47.668523509683105, -21.424768609903779 ], [ 47.66867433048678, -21.423315546496482 ], [ 47.668988362953343, -21.42186126360842 ], [ 47.669080775488041, -21.420510496285136 ], [ 47.668850683043132, -21.41979068341638 ], [ 47.668847961694631, -21.419330664901608 ], [ 47.668743492848357, -21.418249932512285 ], [ 47.66873903311032, -21.417444757793763 ], [ 47.668636504101777, -21.416732323862387 ], [ 47.668582632013262, -21.415858371691677 ], [ 47.668477201791717, -21.41459362991802 ], [ 47.668613613657513, -21.412706447571409 ], [ 47.668610515492986, -21.41213128166056 ], [ 47.668825914814178, -21.411095003659309 ], [ 47.669607852850206, -21.410332206794198 ], [ 47.670146184329099, -21.40998441557683 ], [ 47.670782594071646, -21.409475017087161 ], [ 47.671074434867414, -21.408921631856945 ], [ 47.671021705817175, -21.408323693313257 ], [ 47.670304581920902, -21.407568163869474 ], [ 47.66926841363626, -21.406791028213561 ], [ 47.668034207442389, -21.405761919607635 ], [ 47.667392016857683, -21.405166971309633 ], [ 47.667017715424713, -21.4042485557577 ], [ 47.667014822305696, -21.403696528503701 ], [ 47.667157640042497, -21.402913391671866 ], [ 47.667499659411156, -21.402589654621185 ], [ 47.668309006085252, -21.402217833518833 ], [ 47.669117726831153, -21.401914597413558 ], [ 47.670443769993632, -21.401701187392895 ], [ 47.671131477965069, -21.401697730398951 ], [ 47.671745459515172, -21.401671682435222 ], [ 47.67302245095523, -21.401573489957794 ], [ 47.674200418944089, -21.401314591328745 ], [ 47.674836766633419, -21.400874330919287 ], [ 47.675228580564593, -21.400596209281474 ], [ 47.67601140713078, -21.400017393921829 ], [ 47.67733486114507, -21.399435638678391 ], [ 47.678243556824931, -21.399408197664926 ], [ 47.678933021172298, -21.399680721922397 ], [ 47.679697018632886, -21.399998967712598 ], [ 47.68073043409278, -21.400316022800528 ], [ 47.681541096475051, -21.400243016736244 ], [ 47.682030735060934, -21.399987568805848 ], [ 47.682814130898052, -21.399408437784047 ], [ 47.683474164032098, -21.398853098327102 ], [ 47.684036538885827, -21.398436222089494 ], [ 47.685066408318832, -21.397993794314029 ], [ 47.686144892403718, -21.397597561114626 ], [ 47.687421038481048, -21.397338115697799 ], [ 47.688451478983566, -21.397102822473776 ], [ 47.689089948173589, -21.39698451845733 ], [ 47.690269036717822, -21.396932665346931 ], [ 47.690960043402384, -21.395548832649929 ], [ 47.692655064011184, -21.393415357471458 ], [ 47.69496245368552, -21.391334517813739 ], [ 47.698314016510167, -21.389704175548271 ], [ 47.700508889305453, -21.388770384287533 ], [ 47.703307616385196, -21.386914931821462 ], [ 47.705379032947874, -21.38586740240223 ], [ 47.708118891305858, -21.385045892398093 ], [ 47.710879998845151, -21.384520003939524 ], [ 47.71381453164787, -21.384828096384041 ], [ 47.717615301338078, -21.385601055588563 ], [ 47.719701292313992, -21.386215311431602 ], [ 47.722279352743421, -21.38711227545495 ], [ 47.724367923874276, -21.388013013932852 ], [ 47.726458558049998, -21.389142956325241 ], [ 47.728242249114672, -21.390160646239256 ], [ 47.729903583817752, -21.391179271448241 ], [ 47.731379319134831, -21.391970087591112 ], [ 47.732364004829705, -21.392592802457191 ], [ 47.733729999474797, -21.392980005563963 ], [ 47.735449661507758, -21.393272503764127 ], [ 47.735497281509431, -21.393920877187526 ], [ 47.73568552040561, -21.39488432719018 ], [ 47.735802473640518, -21.395896032115964 ], [ 47.736282037121647, -21.397232751129589 ], [ 47.736395064815696, -21.397224151812154 ], [ 47.738499633986471, -21.397309358978866 ], [ 47.739799474501822, -21.397151791461258 ], [ 47.74060017059707, -21.396849141713968 ], [ 47.742455422515697, -21.397597063792695 ], [ 47.744254788763655, -21.398762251515333 ], [ 47.745543266344995, -21.400082454479694 ], [ 47.745423550392921, -21.401909671830882 ], [ 47.744516495976058, -21.403785454371217 ], [ 47.743848395923266, -21.404891978417346 ], [ 47.743719775783518, -21.405934682973964 ], [ 47.744352393085116, -21.406906732294043 ], [ 47.745791825469155, -21.407714343276155 ], [ 47.747507297560738, -21.40805125989155 ], [ 47.748521074525115, -21.408710668895715 ], [ 47.749216920461848, -21.410003929970262 ], [ 47.749795942666069, -21.412039510346872 ], [ 47.750174994318428, -21.418674631956836 ], [ 47.750581532849552, -21.421292667249514 ], [ 47.750671939896364, -21.42401312363204 ], [ 47.750773281799809, -21.426410345684928 ], [ 47.75112434115389, -21.428291653659919 ], [ 47.752515872947924, -21.430300978329459 ], [ 47.753998739888829, -21.431545307291501 ], [ 47.754458845638332, -21.433677187072739 ], [ 47.755008026538412, -21.434997820812303 ], [ 47.755812734509554, -21.437695328294922 ], [ 47.755794279522036, -21.440165739873763 ], [ 47.7560106168362, -21.440754095241797 ], [ 47.75649040784581, -21.44205893688617 ], [ 47.757286970657134, -21.443394790752105 ], [ 47.759104384500006, -21.446128744159889 ], [ 47.760046963037396, -21.448590868486239 ], [ 47.76150909430995, -21.450505256224012 ], [ 47.763132882317635, -21.452160665293118 ], [ 47.763502466806472, -21.452502617212506 ], [ 47.75820000017054, -21.455600004644996 ], [ 47.762399999602586, -21.476200004923871 ], [ 47.746830000146502, -21.49662000409548 ], [ 47.720970000107101, -21.527870004464312 ], [ 47.72088774091813, -21.527996572351057 ], [ 47.734474284703808, -21.536498120854727 ], [ 47.730709533761754, -21.550768174566741 ], [ 47.730992795924692, -21.551036170737774 ], [ 47.727848220162983, -21.553165978480891 ], [ 47.725846198886636, -21.555764576726073 ], [ 47.725867877044656, -21.557233888184719 ], [ 47.726318684703507, -21.559455015786554 ], [ 47.725128824979201, -21.560458346225275 ], [ 47.722622543938954, -21.560606761342306 ], [ 47.720018123481111, -21.560779334048167 ], [ 47.717497890358672, -21.56166266884566 ], [ 47.713702141583752, -21.564445923087714 ], [ 47.71112303164567, -21.566317379888787 ], [ 47.70821536069321, -21.567619026241811 ], [ 47.707995915322073, -21.567691797583063 ], [ 47.704103774512163, -21.568982464113237 ], [ 47.702721613654049, -21.569645231185838 ], [ 47.702138976175306, -21.571297469245234 ], [ 47.70081470377805, -21.573131549322884 ], [ 47.699129861696278, -21.575538354551355 ], [ 47.697330151907551, -21.578743956506436 ], [ 47.695767059145055, -21.58114979226578 ], [ 47.694439616637567, -21.582641889847128 ], [ 47.693140377768792, -21.584443212119286 ], [ 47.691412030083526, -21.584830997087273 ], [ 47.688611084376276, -21.585080499599503 ] ] ] } },
{ "type": "Feature", "properties": { "fid": 13, "csb_secto": "CSB2 ANTARETRA" }, "geometry": { "type": "Polygon", "coordinates": [ [ [ 47.817597268844317, -21.444751915386195 ], [ 47.81902660993584, -21.448552194943403 ], [ 47.820554553595919, -21.451448731387909 ], [ 47.821754369714697, -21.453645747266417 ], [ 47.821963774155392, -21.455771590798122 ], [ 47.821738460707927, -21.4560860828181 ], [ 47.820006851181638, -21.458544243832019 ], [ 47.817194249361471, -21.461017360571454 ], [ 47.814366940927705, -21.46252597060478 ], [ 47.813004313344521, -21.463417551286149 ], [ 47.812848575947172, -21.464476005669692 ], [ 47.814042881919853, -21.467053889830396 ], [ 47.815379192642276, -21.469216575888442 ], [ 47.8166188073589, -21.471541479858434 ], [ 47.817012187009823, -21.472964800887077 ], [ 47.81530000014186, -21.475100004562538 ], [ 47.814182494473506, -21.476920125363371 ], [ 47.813197732336533, -21.480188551258756 ], [ 47.812202582130588, -21.482370325427027 ], [ 47.81149507018845, -21.484278012316199 ], [ 47.810632069061846, -21.485100260663778 ], [ 47.809607133309513, -21.484157911454197 ], [ 47.807269630735497, -21.482547271535832 ], [ 47.804490368581895, -21.480261049205584 ], [ 47.800979168000019, -21.477301624069685 ], [ 47.79688762950579, -21.474346904186664 ], [ 47.792518771568815, -21.472752787512206 ], [ 47.788300201137709, -21.471700696731208 ], [ 47.783170000538874, -21.469920003107699 ], [ 47.78260772640914, -21.46821534626422 ], [ 47.781574218318987, -21.466321964890739 ], [ 47.779513600815058, -21.463214344072256 ], [ 47.777895958774288, -21.460918155455158 ], [ 47.77532999962223, -21.459550004236601 ], [ 47.772503122863021, -21.458380892771771 ], [ 47.768710349045058, -21.456238058348422 ], [ 47.766782319489906, -21.455599308570275 ], [ 47.765904613548436, -21.454725134266983 ], [ 47.763502466806472, -21.452502617212506 ], [ 47.763132882317635, -21.452160665293118 ], [ 47.76150909430995, -21.450505256224012 ], [ 47.760046963037396, -21.448590868486239 ], [ 47.759104384500006, -21.446128744159889 ], [ 47.757286970657134, -21.443394790752105 ], [ 47.75649040784581, -21.44205893688617 ], [ 47.7560106168362, -21.440754095241797 ], [ 47.755794279522036, -21.440165739873763 ], [ 47.755812734509554, -21.437695328294922 ], [ 47.755008026538412, -21.434997820812303 ], [ 47.754458845638332, -21.433677187072739 ], [ 47.753998739888829, -21.431545307291501 ], [ 47.752515872947924, -21.430300978329459 ], [ 47.75112434115389, -21.428291653659919 ], [ 47.750773281799809, -21.426410345684928 ], [ 47.750671939896364, -21.42401312363204 ], [ 47.750581532849552, -21.421292667249514 ], [ 47.750174994318428, -21.418674631956836 ], [ 47.749795942666069, -21.412039510346872 ], [ 47.749216920461848, -21.410003929970262 ], [ 47.748521074525115, -21.408710668895715 ], [ 47.747507297560738, -21.40805125989155 ], [ 47.745791825469155, -21.407714343276155 ], [ 47.744352393085116, -21.406906732294043 ], [ 47.743719775783518, -21.405934682973964 ], [ 47.743848395923266, -21.404891978417346 ], [ 47.744516495976058, -21.403785454371217 ], [ 47.745423550392921, -21.401909671830882 ], [ 47.745543266344995, -21.400082454479694 ], [ 47.744254788763655, -21.398762251515333 ], [ 47.742455422515697, -21.397597063792695 ], [ 47.74060017059707, -21.396849141713968 ], [ 47.739799474501822, -21.397151791461258 ], [ 47.738499633986471, -21.397309358978866 ], [ 47.736395064815696, -21.397224151812154 ], [ 47.736282037121647, -21.397232751129589 ], [ 47.735802473640518, -21.395896032115964 ], [ 47.73568552040561, -21.39488432719018 ], [ 47.735497281509431, -21.393920877187526 ], [ 47.735449661507758, -21.393272503764127 ], [ 47.73540641940572, -21.39268373111079 ], [ 47.73538058907787, -21.392332018849267 ], [ 47.735649458490656, -21.390523096406422 ], [ 47.735944643865047, -21.388759406265198 ], [ 47.736283209836969, -21.386255376229574 ], [ 47.735841952079056, -21.384561536431647 ], [ 47.735515383062861, -21.38207938150542 ], [ 47.734838442674246, -21.380647032182747 ], [ 47.73345863174459, -21.380068566659222 ], [ 47.731649940426344, -21.379849618613243 ], [ 47.730296183755648, -21.379893514522188 ], [ 47.7288936244749, -21.379938912298996 ], [ 47.726744962443554, -21.379846183202705 ], [ 47.724298166160636, -21.379094206980266 ], [ 47.723091013372603, -21.377932918718052 ], [ 47.722632579462903, -21.377001177911243 ], [ 47.722403024812586, -21.375646571382187 ], [ 47.722274205922602, -21.373758332332219 ], [ 47.722201640525867, -21.372029396491381 ], [ 47.721552106077247, -21.370065048715929 ], [ 47.721393007014036, -21.369546567972982 ], [ 47.721180422570768, -21.368853782429742 ], [ 47.721793088412689, -21.36876492131768 ], [ 47.723406259024173, -21.369036305234932 ], [ 47.72448993489521, -21.369601363665378 ], [ 47.725666878556495, -21.370625156378811 ], [ 47.726659444110993, -21.371378309813615 ], [ 47.728087228475893, -21.371332175492107 ], [ 47.729080174443652, -21.370907853767356 ], [ 47.729914218299697, -21.370234715712854 ], [ 47.730399300920226, -21.368880178431638 ], [ 47.730627896892969, -21.367280415813514 ], [ 47.731194131636933, -21.366108126144752 ], [ 47.732122291343842, -21.365316270385684 ], [ 47.733366694950206, -21.364445167267348 ], [ 47.73401608280917, -21.363478246780865 ], [ 47.734177399600483, -21.362041569920507 ], [ 47.734948307451518, -21.360447146577485 ], [ 47.735661870032359, -21.359247160487566 ], [ 47.736172382782257, -21.357914988446236 ], [ 47.735832449840629, -21.356286939451838 ], [ 47.735375161667164, -21.354201466486789 ], [ 47.734952681753477, -21.352368596896554 ], [ 47.734794942465193, -21.350965460251768 ], [ 47.73405021297927, -21.349074146419738 ], [ 47.733722496428307, -21.348080723811922 ], [ 47.733598151665618, -21.347703791862273 ], [ 47.73279772446741, -21.346252055854105 ], [ 47.731733410100631, -21.344393704872964 ], [ 47.730157572145849, -21.342667470595543 ], [ 47.729352271521662, -21.341677479800659 ], [ 47.72939671511773, -21.340983408226855 ], [ 47.73035106038467, -21.340237647219244 ], [ 47.731113070343483, -21.339612486197293 ], [ 47.732049036165598, -21.338428274216184 ], [ 47.733240898680066, -21.336889834569757 ], [ 47.733987019416986, -21.335296168455862 ], [ 47.734201555388928, -21.333950509281838 ], [ 47.73419775395454, -21.332104183135773 ], [ 47.733839565674636, -21.330038232653635 ], [ 47.733331168129993, -21.328427633204871 ], [ 47.732816336835434, -21.326216348682884 ], [ 47.732762373015937, -21.324348962213175 ], [ 47.732462602897499, -21.323088596540504 ], [ 47.73229345391033, -21.321409509221365 ], [ 47.732453745474466, -21.318772773426076 ], [ 47.731867965764287, -21.316575932016146 ], [ 47.731082865711805, -21.315470057280379 ], [ 47.730274096402454, -21.31441121528886 ], [ 47.729514823080478, -21.312750825774433 ], [ 47.728947746570874, -21.311568730797294 ], [ 47.728251480650904, -21.31082961488022 ], [ 47.727180401583723, -21.309834479963115 ], [ 47.727931430820334, -21.309435819493594 ], [ 47.729079121333839, -21.308068349961317 ], [ 47.729389585290605, -21.307713272436722 ], [ 47.730514308018492, -21.306426925350216 ], [ 47.732101662691257, -21.305599429458507 ], [ 47.733544038556239, -21.304773053222803 ], [ 47.735568657097737, -21.304213821500049 ], [ 47.734680769931259, -21.302182948174888 ], [ 47.733791701055644, -21.300016221462926 ], [ 47.733773594105458, -21.297978547464627 ], [ 47.735357218390291, -21.296743493211046 ], [ 47.735923736420702, -21.29524466960007 ], [ 47.736201551389811, -21.293883954875593 ], [ 47.735602418545938, -21.291714964570065 ], [ 47.736606177062612, -21.290484430309096 ], [ 47.736885189928714, -21.289259558179555 ], [ 47.735857278319649, -21.287773190178832 ], [ 47.734540707716242, -21.28642492027274 ], [ 47.733035891921418, -21.285907879344197 ], [ 47.732959891114618, -21.285794255399697 ], [ 47.7328790789349, -21.285683209811559 ], [ 47.735141838853444, -21.283720399876906 ], [ 47.736841224771332, -21.28004146224615 ], [ 47.738713548519861, -21.274623153041563 ], [ 47.742223535916132, -21.273230214709102 ], [ 47.743256445057597, -21.270925210038207 ], [ 47.743613743008353, -21.268431955679329 ], [ 47.745102192940408, -21.265099668026192 ], [ 47.746719210851325, -21.262003545939624 ], [ 47.747449999945907, -21.259220004813631 ], [ 47.749573560999401, -21.255814249744091 ], [ 47.75285191271427, -21.25460247264305 ], [ 47.756505426513115, -21.252913296729389 ], [ 47.759278736953192, -21.251823994700466 ], [ 47.763196896049287, -21.251437104558018 ], [ 47.765846850081701, -21.250704458363909 ], [ 47.76976495162117, -21.250317424329921 ], [ 47.772049999437982, -21.249270004627984 ], [ 47.772641911624966, -21.246736654895123 ], [ 47.773504657344034, -21.244239314916179 ], [ 47.775885218558074, -21.241729803512857 ], [ 47.778143553812079, -21.239695610790211 ], [ 47.781541259052204, -21.237770816997219 ], [ 47.784697885729493, -21.237152415279976 ], [ 47.788996092026984, -21.236880498065123 ], [ 47.793800194854605, -21.236604366627173 ], [ 47.79746814277236, -21.236574539712439 ], [ 47.800756638839935, -21.23654773272105 ], [ 47.805686057697926, -21.236151661399898 ], [ 47.810865069000776, -21.235397629327629 ], [ 47.814019257615847, -21.234541546686145 ], [ 47.817175632482908, -21.233922569402729 ], [ 47.822867851803892, -21.232362535235513 ], [ 47.823154114105144, -21.233607045860548 ], [ 47.823513675649792, -21.23489892287845 ], [ 47.823531822170018, -21.235865118511338 ], [ 47.822685557426794, -21.237676129179892 ], [ 47.82221789467436, -21.23845256965982 ], [ 47.821941023993318, -21.238912243734259 ], [ 47.821220446700472, -21.240263869910066 ], [ 47.820920569562873, -21.24108989271231 ], [ 47.821304099838713, -21.242496721973374 ], [ 47.822715205377051, -21.244394572977459 ], [ 47.823422166034817, -21.245044603851373 ], [ 47.824074648461192, -21.246683440213751 ], [ 47.824016416459358, -21.248040300443861 ], [ 47.82341789605406, -21.249439464783027 ], [ 47.822996664399533, -21.250102804723923 ], [ 47.822251702888749, -21.251362630803275 ], [ 47.821615754498374, -21.251222273611585 ], [ 47.819986620021176, -21.25060188978815 ], [ 47.817624428359281, -21.251805651231841 ], [ 47.81859058352336, -21.254019348634952 ], [ 47.817690747964441, -21.25616719318112 ], [ 47.814986922742754, -21.255883594671833 ], [ 47.812078483769241, -21.255097017033712 ], [ 47.809055609662522, -21.25320951093104 ], [ 47.807674407481663, -21.254376858825054 ], [ 47.806057541556001, -21.256167031302546 ], [ 47.804198561947736, -21.258213742588016 ], [ 47.804611776146288, -21.259585370585583 ], [ 47.806512966334267, -21.260317118357182 ], [ 47.809952170790503, -21.262152689510966 ], [ 47.810551887294338, -21.264463707049245 ], [ 47.809516499621473, -21.26739439794628 ], [ 47.809814065501534, -21.269204406770182 ], [ 47.806139610988836, -21.271275666849487 ], [ 47.802199865465539, -21.270479908032456 ], [ 47.799635919895522, -21.268104200460719 ], [ 47.797501191959924, -21.266549053209211 ], [ 47.794614728819724, -21.263924706474302 ], [ 47.793065384892266, -21.260478874916252 ], [ 47.792073809491136, -21.256588778267609 ], [ 47.790722113167149, -21.253208475810357 ], [ 47.788737429021054, -21.253396723699439 ], [ 47.786505910650945, -21.251888480589258 ], [ 47.786148543451915, -21.249367660210993 ], [ 47.782949644141873, -21.248791207370104 ], [ 47.782486078700721, -21.249490586742596 ], [ 47.781413820622461, -21.251108287238171 ], [ 47.779009436367346, -21.252543316540372 ], [ 47.778421956938743, -21.252894058433473 ], [ 47.778087698719304, -21.254741997963198 ], [ 47.778585499552364, -21.258070747683416 ], [ 47.778210712485816, -21.261500557819122 ], [ 47.775544746024629, -21.266091041980072 ], [ 47.775573744664207, -21.269263764721295 ], [ 47.776028670318865, -21.274590667732678 ], [ 47.776874744406129, -21.278264483724481 ], [ 47.778687313601345, -21.283961183464456 ], [ 47.778893857298591, -21.286170880683059 ], [ 47.779137779517974, -21.288780411986497 ], [ 47.779071423940294, -21.293025283987419 ], [ 47.779052459037104, -21.294238535976763 ], [ 47.777339786535393, -21.299455934837727 ], [ 47.777106416061763, -21.30121121272051 ], [ 47.777081029999096, -21.30140215947516 ], [ 47.776579638173509, -21.305173313588572 ], [ 47.7761395189575, -21.308587274971948 ], [ 47.776498504936214, -21.312853348490062 ], [ 47.778832724984916, -21.316265834985487 ], [ 47.780106814312937, -21.31934817586124 ], [ 47.780085524662113, -21.319646562821998 ], [ 47.782462939148751, -21.325680764635841 ], [ 47.784312561311445, -21.328366242786789 ], [ 47.785761052566542, -21.330469271417577 ], [ 47.791109465566137, -21.334350115841225 ], [ 47.793085982968918, -21.338313224849486 ], [ 47.795089328047744, -21.343092769886933 ], [ 47.796049405593656, -21.349664668257805 ], [ 47.795574326132574, -21.355387833246862 ], [ 47.795948238159149, -21.356294948817215 ], [ 47.796219993496379, -21.356942197188761 ], [ 47.796399999998577, -21.357420005192949 ], [ 47.79637554383487, -21.358262370475352 ], [ 47.796327282616673, -21.358778099292962 ], [ 47.796623481527092, -21.359259354398514 ], [ 47.796955370032983, -21.35979859239373 ], [ 47.797380968795515, -21.360490081114602 ], [ 47.79773266936612, -21.36106149955042 ], [ 47.79816979743719, -21.361771702263873 ], [ 47.798616996116507, -21.362498258249193 ], [ 47.799073563932929, -21.363240031662979 ], [ 47.799530790053119, -21.363974351495511 ], [ 47.799532000540651, -21.364008537424542 ], [ 47.7990576711139, -21.365155420346134 ], [ 47.799050144687726, -21.366282666570932 ], [ 47.799626265679002, -21.366960641179492 ], [ 47.799850000816328, -21.367770003141604 ], [ 47.799999998740553, -21.369270004864426 ], [ 47.800979998967499, -21.369870003754983 ], [ 47.80182893110014, -21.370534421983038 ], [ 47.802676395539152, -21.371350839126567 ], [ 47.802941114580761, -21.3722043443112 ], [ 47.802661625073981, -21.373628461239864 ], [ 47.802280168634937, -21.37452623465283 ], [ 47.802087386363908, -21.37498106497879 ], [ 47.802197351866504, -21.376937623725897 ], [ 47.802828684036825, -21.378070323439626 ], [ 47.803263169899864, -21.379224398239813 ], [ 47.803327368903481, -21.380605041940743 ], [ 47.802334222386989, -21.382207756133724 ], [ 47.801967038188849, -21.383113421997027 ], [ 47.80186008451583, -21.383377220132651 ], [ 47.802801157588135, -21.385915627652839 ], [ 47.803503720561167, -21.387440013593711 ], [ 47.80447246397415, -21.389518446665843 ], [ 47.805684929057577, -21.391875096704009 ], [ 47.806313125291958, -21.393559812879829 ], [ 47.807160660777569, -21.395430383848964 ], [ 47.808348893628498, -21.397763781915614 ], [ 47.809121118986567, -21.399886694556791 ], [ 47.809918078398915, -21.402009680942363 ], [ 47.810904657166766, -21.405123632088678 ], [ 47.811791425576672, -21.408512996114837 ], [ 47.812318981378993, -21.410564820945677 ], [ 47.812799992768603, -21.412156174902595 ], [ 47.813717690662223, -21.414602383926582 ], [ 47.814219104071952, -21.416815273738507 ], [ 47.814574652841635, -21.418773691384271 ], [ 47.814491488934948, -21.422405920926092 ], [ 47.814405183696245, -21.423914331310051 ], [ 47.814307719669628, -21.425617782162664 ], [ 47.81412776263042, -21.429230901111033 ], [ 47.813730663383829, -21.432544856084267 ], [ 47.813499999869535, -21.433780004766728 ], [ 47.813658797659997, -21.436257391487469 ], [ 47.814049502727116, -21.43817227115434 ], [ 47.814333144403939, -21.439562411696212 ], [ 47.816830000549317, -21.441720004893501 ], [ 47.817597268844317, -21.444751915386195 ] ] ] } },
{ "type": "Feature", "properties": { "fid": 14, "csb_secto": "CSB2 ANTSINDRA" }, "geometry": { "type": "Polygon", "coordinates": [ [ [ 47.790742991817133, -21.066261790469454 ], [ 47.790076756958037, -21.064489550473503 ], [ 47.790117738164376, -21.064144399665643 ], [ 47.789628858606136, -21.062373005032395 ], [ 47.78953000063013, -21.061130006167804 ], [ 47.789826334438807, -21.05899798789093 ], [ 47.790158342554449, -21.057870846886779 ], [ 47.790369999796525, -21.056580004089295 ], [ 47.789173095682607, -21.056165248453055 ], [ 47.788082686587337, -21.055215267596498 ], [ 47.786146129660587, -21.054683592000327 ], [ 47.783511931750311, -21.053507638493368 ], [ 47.783630000144449, -21.05267000364487 ], [ 47.783420024634346, -21.050503656446875 ], [ 47.783236582721869, -21.048281773414594 ], [ 47.782972177543535, -21.046137200601883 ], [ 47.783279999292041, -21.043680004560475 ], [ 47.783095292932728, -21.041689519788541 ], [ 47.782836453658604, -21.040158236047493 ], [ 47.782242678076187, -21.037709608746514 ], [ 47.780998443542146, -21.035572824062644 ], [ 47.779262933655986, -21.033286590940705 ], [ 47.777775888464674, -21.031381704540227 ], [ 47.776537977064059, -21.029934835662978 ], [ 47.775399998329092, -21.029080004877663 ], [ 47.773271145664559, -21.029884029363227 ], [ 47.771722473530865, -21.030202940651762 ], [ 47.769679999849487, -21.030450006001235 ], [ 47.767482632334762, -21.030926392177168 ], [ 47.76568760171844, -21.031093854035831 ], [ 47.763727889946992, -21.03110925492583 ], [ 47.761930803480418, -21.031046691788937 ], [ 47.760461016279443, -21.031058213003604 ], [ 47.758501980798115, -21.031150219044726 ], [ 47.756624593866064, -21.031241565882745 ], [ 47.754995638354011, -21.031151154339387 ], [ 47.752469646872477, -21.031831953718253 ], [ 47.751904663984845, -21.031811101137951 ], [ 47.749419965774301, -21.031719383779077 ], [ 47.746227517301222, -21.031880464048392 ], [ 47.7425947760429, -21.031499692892709 ], [ 47.738666944738078, -21.030575919179846 ], [ 47.735898091337823, -21.029370535358954 ], [ 47.733272071862274, -21.027891407799878 ], [ 47.730629999488308, -21.027300005528627 ], [ 47.726016249862973, -21.028219568615246 ], [ 47.722678648113813, -21.028381325174866 ], [ 47.719771827919807, -21.02799453665537 ], [ 47.718020463885409, -21.026917424037222 ], [ 47.718439520979089, -21.025006013055435 ], [ 47.718267371853528, -21.021872373051647 ], [ 47.717378832678548, -21.01983457944338 ], [ 47.714605637351454, -21.018083653379765 ], [ 47.711696689361638, -21.017424126564233 ], [ 47.709953661143338, -21.017300973403177 ], [ 47.70820714265605, -21.016768921890463 ], [ 47.708481152593556, -21.014858617074768 ], [ 47.708747012874682, -21.011994251178514 ], [ 47.707111997730451, -21.007508544330957 ], [ 47.706931994825332, -21.003420793783864 ], [ 47.705457364774865, -21.00070579538685 ], [ 47.703799999679298, -20.998620004960941 ], [ 47.700655024618456, -20.999242434741735 ], [ 47.697176298555839, -20.999813632843587 ], [ 47.693114679606808, -21.000116488535436 ], [ 47.688720000335422, -21.000550005827979 ], [ 47.68953778534825, -20.999982200868008 ], [ 47.690343612975092, -20.998633308631248 ], [ 47.690945954599854, -20.997381845347547 ], [ 47.691244699490952, -20.9964683634763 ], [ 47.691744488724837, -20.995169697476417 ], [ 47.691832088987255, -20.993442440669881 ], [ 47.692127994718675, -20.992193249073679 ], [ 47.69180920933497, -20.990802915177593 ], [ 47.690485839856834, -20.989266487314463 ], [ 47.68933518877509, -20.990255040992697 ], [ 47.688038458115479, -20.991817667905433 ], [ 47.686128522919887, -20.992302049054391 ], [ 47.685515450584354, -20.990948318464881 ], [ 47.685317811074754, -20.9888824678075 ], [ 47.685168680097007, -20.986794241118307 ], [ 47.684703137945881, -20.986473070732771 ], [ 47.683136179897105, -20.986704798144778 ], [ 47.68284094865701, -20.985327823677778 ], [ 47.683181284494765, -20.982320309094192 ], [ 47.683618976440492, -20.978807945691266 ], [ 47.68484903496087, -20.976598576725266 ], [ 47.685012969678738, -20.976304123399107 ], [ 47.686431991049524, -20.974856346206778 ], [ 47.687262367470176, -20.972812810427406 ], [ 47.688460505453826, -20.970331862391404 ], [ 47.689512188842322, -20.968953395049876 ], [ 47.69115273571618, -20.968561314020501 ], [ 47.692327904115608, -20.96872083216758 ], [ 47.692354011434787, -20.970396170213125 ], [ 47.692013415692962, -20.972921590623589 ], [ 47.691452696491226, -20.975217748663624 ], [ 47.692555415506696, -20.976547506924717 ], [ 47.693828959845334, -20.976247880698168 ], [ 47.694366682483192, -20.975007562712577 ], [ 47.69483122998404, -20.974571113630038 ], [ 47.695344602578068, -20.973652192659053 ], [ 47.695686479853876, -20.972710833603163 ], [ 47.696616093764447, -20.971332105458195 ], [ 47.698035768942411, -20.970549821183646 ], [ 47.698401312777094, -20.968712936120511 ], [ 47.696857512270888, -20.967888926900148 ], [ 47.695729857753079, -20.966306465439509 ], [ 47.695850142076608, -20.964033893918732 ], [ 47.696042572712564, -20.960338160549284 ], [ 47.695721463480623, -20.957606514801942 ], [ 47.695548886277763, -20.955954277641759 ], [ 47.695862375553631, -20.950789284974238 ], [ 47.695836719694263, -20.94952661074193 ], [ 47.696199850647787, -20.945119411111673 ], [ 47.696515951554986, -20.942478988995326 ], [ 47.69692907042517, -20.939586058832351 ], [ 47.695728014141274, -20.937751203538866 ], [ 47.694686991316132, -20.937219018926438 ], [ 47.692861966510911, -20.936286030759934 ], [ 47.689531463110441, -20.935394419501456 ], [ 47.686862652093332, -20.93486989891143 ], [ 47.683973841722768, -20.935056581980181 ], [ 47.681943020557213, -20.936964410062824 ], [ 47.680572760427687, -20.937883943471945 ], [ 47.678784892012111, -20.937289041039435 ], [ 47.675625553878824, -20.935800882488365 ], [ 47.671853799015672, -20.933784760742544 ], [ 47.669600088075335, -20.931996883334744 ], [ 47.669157001995565, -20.929197142720774 ], [ 47.668297319366964, -20.925203588963232 ], [ 47.668293669918135, -20.924979759397292 ], [ 47.665900431860173, -20.921720521875113 ], [ 47.665220000303044, -20.91570000504483 ], [ 47.664350015940542, -20.912463296439331 ], [ 47.663799805316636, -20.910414862052679 ], [ 47.663182411738383, -20.905031969948688 ], [ 47.662847157969075, -20.899105645411627 ], [ 47.662369999274787, -20.893100006065957 ], [ 47.662452521964667, -20.885903525836437 ], [ 47.664120084472444, -20.879423737828137 ], [ 47.664651684525481, -20.87429958697205 ], [ 47.669000001047159, -20.868000005115391 ], [ 47.669674963826424, -20.866508288846493 ], [ 47.671029153970245, -20.865359197189893 ], [ 47.672683986574789, -20.863923096795066 ], [ 47.674331758601809, -20.861632576605075 ], [ 47.675773379036237, -20.859179996783656 ], [ 47.678843669897837, -20.859458023992865 ], [ 47.681590426955296, -20.859257729685059 ], [ 47.683893269657581, -20.859481196824341 ], [ 47.68555450093853, -20.859408947089918 ], [ 47.686704925391162, -20.859400507851863 ], [ 47.688750124917725, -20.859385486475933 ], [ 47.690731409626494, -20.859370912962298 ], [ 47.694181669448412, -20.859225320817202 ], [ 47.696609827281947, -20.859147302831239 ], [ 47.699037479696393, -20.859009177756988 ], [ 47.700186884317851, -20.858880500960158 ], [ 47.701528529818439, -20.858810468953941 ], [ 47.702998499581852, -20.858799551184319 ], [ 47.703828846325102, -20.858733301726556 ], [ 47.70722000000417, -20.858100003638796 ], [ 47.709322194065464, -20.85833189922436 ], [ 47.711563158914338, -20.858795774931522 ], [ 47.713421171751556, -20.859322569906997 ], [ 47.715278689062401, -20.859789268585999 ], [ 47.71694754209777, -20.860617831073874 ], [ 47.718613855447586, -20.861146007407914 ], [ 47.720342043053599, -20.861433390264306 ], [ 47.722795505111471, -20.861751999380786 ], [ 47.724654349821556, -20.862024999379695 ], [ 47.726472298761045, -20.862011255040972 ], [ 47.728746566404567, -20.862207639996242 ], [ 47.730791756937876, -20.862192127590305 ], [ 47.733295109785566, -20.862600324471064 ], [ 47.735453922464892, -20.862583893857334 ], [ 47.737385489053644, -20.862569169257636 ], [ 47.7388644313532, -20.863096809595774 ], [ 47.737712026593513, -20.865373768009373 ], [ 47.735977308111025, -20.867798770120203 ], [ 47.73452999946457, -20.870370004693498 ], [ 47.733922737649394, -20.88012714167057 ], [ 47.73422459599373, -20.883805956993736 ], [ 47.735482859052532, -20.888746819721877 ], [ 47.737154097090212, -20.894573047017357 ], [ 47.740712062418758, -20.899877055088265 ], [ 47.742429999552094, -20.901350005204115 ], [ 47.753629999833521, -20.909370004523957 ], [ 47.767669999781212, -20.913650005843532 ], [ 47.772971880059245, -20.912383519385205 ], [ 47.778356890969206, -20.910310246623371 ], [ 47.785369467938651, -20.9089855164722 ], [ 47.788369999288285, -20.907200006080338 ], [ 47.790239013532243, -20.909708458082569 ], [ 47.791768324161829, -20.914519656558088 ], [ 47.793951369973151, -20.91691393962671 ], [ 47.79668400947336, -20.920319240538916 ], [ 47.802927868441017, -20.923569401203888 ], [ 47.803089509887826, -20.926487481807225 ], [ 47.803934708934783, -20.930288572553021 ], [ 47.80479615333536, -20.935866526709379 ], [ 47.806721106309929, -20.939531966415824 ], [ 47.807169958842657, -20.941627540566177 ], [ 47.807426752159039, -20.942826424986428 ], [ 47.809264642665696, -20.946484035195223 ], [ 47.809302626431716, -20.948139427177022 ], [ 47.809295717839859, -20.949288816509299 ], [ 47.809337824997414, -20.950278054571694 ], [ 47.80952509262584, -20.951566439522011 ], [ 47.809784212488417, -20.953153993843323 ], [ 47.809947600418532, -20.95432740766471 ], [ 47.810038783580239, -20.955293668948183 ], [ 47.810225349737344, -20.956766082168702 ], [ 47.809703676400837, -20.958073741389061 ], [ 47.809349557553425, -20.96002583680087 ], [ 47.809660527828548, -20.961038867327275 ], [ 47.810314799006335, -20.961870171847945 ], [ 47.810724106549941, -20.962792082165389 ], [ 47.811056743291836, -20.964265567377769 ], [ 47.810976145150867, -20.96543756296828 ], [ 47.810479124929458, -20.96681389262142 ], [ 47.810396815378631, -20.968193074924081 ], [ 47.811194784729643, -20.969484972626379 ], [ 47.812066279053788, -20.970731672201236 ], [ 47.812794143553248, -20.971586074010059 ], [ 47.813542154665214, -20.973061824614653 ], [ 47.813999281859992, -20.974145345801738 ], [ 47.814379954989676, -20.975802450992152 ], [ 47.813910325419947, -20.976627613143172 ], [ 47.81270762427615, -20.977540005035959 ], [ 47.812573309629265, -20.979470557188183 ], [ 47.8127830126448, -20.981320679372594 ], [ 47.812860511722192, -20.982961267614325 ], [ 47.812867670325815, -20.983963847119256 ], [ 47.812868657781451, -20.984071093971146 ], [ 47.814873240327465, -20.991968522890204 ], [ 47.814851291473673, -20.992913105116433 ], [ 47.814325924621414, -20.993564853695364 ], [ 47.812477968902705, -20.994461039804889 ], [ 47.810276938449398, -20.996054967621415 ], [ 47.808786050455303, -20.997809085378726 ], [ 47.807857343960613, -20.998663350490489 ], [ 47.807000352103877, -20.999079544142649 ], [ 47.806215982300976, -20.998827907538995 ], [ 47.80537974679698, -20.997770018828945 ], [ 47.804642254155667, -20.996596734509858 ], [ 47.803513098669328, -20.99597699280239 ], [ 47.802140210720772, -20.995588393048461 ], [ 47.801084826621953, -20.995014328807084 ], [ 47.800053502985072, -20.993979993341398 ], [ 47.799462848050233, -20.993082670488672 ], [ 47.799045491574383, -20.992599990856906 ], [ 47.79848089269715, -20.992186231669489 ], [ 47.797843736517251, -20.992187398989461 ], [ 47.796840433956802, -20.992972771535904 ], [ 47.795887984460862, -20.994195787464626 ], [ 47.795203601283077, -20.994887710557972 ], [ 47.794101708744613, -20.99521266259271 ], [ 47.792362873165729, -20.995630768203409 ], [ 47.789498656555232, -20.996903471675139 ], [ 47.788324373088805, -20.997734761806566 ], [ 47.786856874662377, -20.998981599876924 ], [ 47.785536860554878, -21.000320393626492 ], [ 47.783948019302834, -21.001981957655431 ], [ 47.78316719642617, -21.003388702380164 ], [ 47.782681719003349, -21.005416874141766 ], [ 47.783007332040185, -21.008525827755371 ], [ 47.783455584725132, -21.011566060574285 ], [ 47.783878264288326, -21.014168439569584 ], [ 47.784447304017888, -21.016332723722847 ], [ 47.785086974702359, -21.017529451568929 ], [ 47.785848760729976, -21.018334003057351 ], [ 47.786439289759848, -21.019346522768814 ], [ 47.786588311020232, -21.020267728017849 ], [ 47.786174443913978, -21.021305194023533 ], [ 47.785881707393365, -21.022042508598499 ], [ 47.785615411840325, -21.023310241517329 ], [ 47.785912170129215, -21.024345988918675 ], [ 47.786019042863181, -21.024443018572804 ], [ 47.786722676029413, -21.025081839397348 ], [ 47.787974485553001, -21.025816415536841 ], [ 47.789079737059311, -21.026897065188582 ], [ 47.790113505952839, -21.028645512720509 ], [ 47.791367358736181, -21.030393884709483 ], [ 47.792326884098081, -21.031774291888834 ], [ 47.793186574820396, -21.032555434923797 ], [ 47.794216921793506, -21.033060293635838 ], [ 47.795101227859504, -21.033703490561567 ], [ 47.795519862271981, -21.034577916674959 ], [ 47.795547682799622, -21.035914418951986 ], [ 47.795747126349134, -21.037410986164019 ], [ 47.796633919040708, -21.039113709465141 ], [ 47.797422307014543, -21.040770928869478 ], [ 47.798186991557337, -21.042727516395054 ], [ 47.798508931762775, -21.044201071754497 ], [ 47.798585906535479, -21.04558289716466 ], [ 47.798443564540115, -21.047310826664095 ], [ 47.798523739100574, -21.049450331797001 ], [ 47.798037344369362, -21.052399311307205 ], [ 47.797766357053192, -21.053954343445405 ], [ 47.797218986488666, -21.056475439016157 ], [ 47.796399999981617, -21.058000004821313 ], [ 47.796223111429192, -21.059856885410934 ], [ 47.79611979641313, -21.061035740130652 ], [ 47.795789294661972, -21.062323514441207 ], [ 47.795639698734981, -21.064680759830562 ], [ 47.795340221795769, -21.065750032159048 ], [ 47.79474267805405, -21.066401463277238 ], [ 47.793778329628076, -21.066998231802934 ], [ 47.793647360459168, -21.067639749694372 ], [ 47.793721205591062, -21.067819874906903 ], [ 47.79393840985162, -21.067885896836216 ], [ 47.794299798818592, -21.067928170368365 ], [ 47.795153224863434, -21.067629725850907 ], [ 47.795779718681104, -21.067517588485767 ], [ 47.796385065840205, -21.067163077534083 ], [ 47.797730000161579, -21.067280004688545 ], [ 47.798007330396338, -21.067820911825397 ], [ 47.798014194022237, -21.068570504844295 ], [ 47.797681864848535, -21.069057674790979 ], [ 47.797052298946781, -21.069435001542967 ], [ 47.796280000743607, -21.069380004402543 ], [ 47.796028941504701, -21.069818071365528 ], [ 47.795804001275876, -21.070337294948491 ], [ 47.795749596788738, -21.070462876278981 ], [ 47.795871517878545, -21.071318636963344 ], [ 47.796164575457183, -21.072173014490378 ], [ 47.79621277552161, -21.072785917752945 ], [ 47.794923177384938, -21.071321027361289 ], [ 47.790742991817133, -21.066261790469454 ] ] ] } },
{ "type": "Feature", "properties": { "fid": 15, "csb_secto": "CSB2 FASINTSARA" }, "geometry": { "type": "MultiPolygon", "coordinates": [ [ [ [ 47.649729999130443, -20.773470005804374 ], [ 47.641869999090744, -20.774000005962968 ], [ 47.641536727427571, -20.773989847221205 ], [ 47.642736078596648, -20.771107394159959 ], [ 47.64345075184012, -20.767386316096736 ], [ 47.64374012939286, -20.766637840935122 ], [ 47.644382936912308, -20.764975210310066 ], [ 47.646072750446379, -20.761829878220496 ], [ 47.64744318054759, -20.759511070754794 ], [ 47.648737560379544, -20.758869585239019 ], [ 47.649740600337864, -20.757676303595112 ], [ 47.649450363033154, -20.756136505072995 ], [ 47.650111715472541, -20.754850793807087 ], [ 47.650551554100225, -20.754460942197049 ], [ 47.651867273945051, -20.755588665062636 ], [ 47.652404158414782, -20.755474760529619 ], [ 47.65228408273375, -20.754348720295642 ], [ 47.65148104390439, -20.753382218893215 ], [ 47.649434246282496, -20.752024242604254 ], [ 47.647950994431604, -20.749379532520216 ], [ 47.646296432522888, -20.749553262653642 ], [ 47.646515108973681, -20.749052630755195 ], [ 47.646560213571604, -20.748913424695804 ], [ 47.64686143159831, -20.748377205724736 ], [ 47.646879402750784, -20.748147295842433 ], [ 47.646893632723511, -20.747824820540693 ], [ 47.646825489293448, -20.747183377292995 ], [ 47.646640419608126, -20.746705922722331 ], [ 47.6464858036653, -20.746434323867227 ], [ 47.64638232227481, -20.746252695887559 ], [ 47.646076412484817, -20.74582464647283 ], [ 47.645487804406848, -20.744943541993852 ], [ 47.644706536365725, -20.744136625288444 ], [ 47.644128677884197, -20.743623544974248 ], [ 47.643424910718927, -20.74297528576485 ], [ 47.642723521361155, -20.741569339637945 ], [ 47.642710448815876, -20.741133011064548 ], [ 47.642915628241262, -20.739840936195836 ], [ 47.643095820903106, -20.73933098102583 ], [ 47.643275830103086, -20.738797880004327 ], [ 47.643524338864701, -20.738124842673837 ], [ 47.643633855605543, -20.737708540203716 ], [ 47.64371605364056, -20.737177819687659 ], [ 47.643709607300096, -20.736971230125349 ], [ 47.643782226655937, -20.736141914005714 ], [ 47.643743587284185, -20.735660597746257 ], [ 47.643498618254092, -20.73481714608269 ], [ 47.643238023503365, -20.734272467189165 ], [ 47.642650264385416, -20.7334144869779 ], [ 47.642347697375527, -20.733100450014867 ], [ 47.641185276866061, -20.731821376644959 ], [ 47.640859680916513, -20.73155379506143 ], [ 47.640457760404217, -20.731196980046633 ], [ 47.639865936350674, -20.73020125967091 ], [ 47.639661184103126, -20.729884835907104 ], [ 47.6391441350804, -20.728933191304822 ], [ 47.638683877345613, -20.728256096233306 ], [ 47.638126423582015, -20.727581374472596 ], [ 47.637670261359816, -20.727041442200889 ], [ 47.63723792307794, -20.726478193206354 ], [ 47.63655886568521, -20.725829722656233 ], [ 47.636223550762367, -20.725240950902037 ], [ 47.636360807091606, -20.72491591972701 ], [ 47.636494150470767, -20.724475740256523 ], [ 47.636889311678395, -20.722994893193857 ], [ 47.636855813730804, -20.721869909663322 ], [ 47.636819969451885, -20.720676065943085 ], [ 47.636751705512623, -20.72001146245475 ], [ 47.636607305868246, -20.719280205713023 ], [ 47.63642994876885, -20.718251080019915 ], [ 47.636294324708985, -20.717794713651895 ], [ 47.63607168224793, -20.716881642770904 ], [ 47.636067839444721, -20.715939376298991 ], [ 47.636122339260027, -20.715317951060747 ], [ 47.636144659533862, -20.714421232552425 ], [ 47.636227060815635, -20.713913658787224 ], [ 47.636258339236342, -20.713315544875702 ], [ 47.636396795261263, -20.712231700832096 ], [ 47.636312369605456, -20.711039320308789 ], [ 47.63631496504884, -20.71030420997214 ], [ 47.636278353648187, -20.709087217702344 ], [ 47.636124828582986, -20.70803420871373 ], [ 47.635944367923152, -20.706913070684259 ], [ 47.635918100524812, -20.706017819869537 ], [ 47.636013266783678, -20.704314923898572 ], [ 47.63631174007952, -20.703663562927392 ], [ 47.636783711483901, -20.70310019252446 ], [ 47.637238478857562, -20.702789877855341 ], [ 47.637670988909903, -20.702548596945118 ], [ 47.638378085365304, -20.702506952039272 ], [ 47.639156629359974, -20.702395357864571 ], [ 47.639544035713776, -20.702293276718528 ], [ 47.63971247783369, -20.702196680537586 ], [ 47.639920548579568, -20.701800576840686 ], [ 47.639963307745539, -20.701593072667741 ], [ 47.640050561769094, -20.701245805755086 ], [ 47.640162412250575, -20.7008983652733 ], [ 47.64036891997474, -20.700456540043461 ], [ 47.640600982834151, -20.700059701600338 ], [ 47.641048334398228, -20.699497060547621 ], [ 47.641627201019574, -20.69925191974724 ], [ 47.642062823625608, -20.699102635884991 ], [ 47.642720532911468, -20.699039865004856 ], [ 47.643282022832388, -20.699025193465058 ], [ 47.64396685297325, -20.699053127307074 ], [ 47.644507061337208, -20.699154341506777 ], [ 47.645883163462855, -20.699416788860763 ], [ 47.646623997085499, -20.699696121885452 ], [ 47.647413839263024, -20.699951393548808 ], [ 47.647985273887159, -20.70028103374942 ], [ 47.648900998668097, -20.70067091054063 ], [ 47.649510113087274, -20.701436140971293 ], [ 47.649734557789692, -20.701591509646597 ], [ 47.65042018293132, -20.701642557863899 ], [ 47.650685798596982, -20.701543573083665 ], [ 47.651708477050825, -20.70142511798117 ], [ 47.65212613659827, -20.701506284493671 ], [ 47.653138089737546, -20.701847469291387 ], [ 47.653928918471429, -20.702148433709318 ], [ 47.654474807852765, -20.702432501664564 ], [ 47.655213135064834, -20.702620352053529 ], [ 47.657476334752062, -20.703135552969172 ], [ 47.657990998772583, -20.70319117513834 ], [ 47.658279638881304, -20.703045717891385 ], [ 47.66016810456162, -20.703295370590695 ], [ 47.660879113967276, -20.703368216575761 ], [ 47.661716989834723, -20.703622516071988 ], [ 47.662381951253622, -20.703788838489789 ], [ 47.662655000715283, -20.70394271518974 ], [ 47.663856872684306, -20.704095038760642 ], [ 47.664830356423693, -20.703977422725632 ], [ 47.665438693828563, -20.703892901741789 ], [ 47.666204084338965, -20.703344299106302 ], [ 47.666601367047384, -20.702759371054572 ], [ 47.666875898591719, -20.702131850211536 ], [ 47.666973773608667, -20.701324928110203 ], [ 47.666929395662955, -20.700660169938502 ], [ 47.666809471068106, -20.699927638857389 ], [ 47.666705037295429, -20.699700859515087 ], [ 47.666440320052395, -20.69901848182587 ], [ 47.66628082438821, -20.698586024833862 ], [ 47.666126417088087, -20.698337585320019 ], [ 47.66579674361239, -20.697932315732711 ], [ 47.665594531949644, -20.697707929486381 ], [ 47.665366753460383, -20.697437996175768 ], [ 47.66501503310473, -20.697125473670976 ], [ 47.664690268128794, -20.696881636887497 ], [ 47.664166616283644, -20.696527433503885 ], [ 47.663544223374423, -20.696130460162408 ], [ 47.662750082437491, -20.695714386119974 ], [ 47.662130231911725, -20.695408849548866 ], [ 47.661285344030375, -20.694948527962438 ], [ 47.661135651875753, -20.6948372440539 ], [ 47.660639151462554, -20.694574860551807 ], [ 47.660109842881781, -20.694037195470866 ], [ 47.659952722326942, -20.693673594171866 ], [ 47.659892783411919, -20.693307605172862 ], [ 47.659910130434852, -20.693077130516293 ], [ 47.660208487718144, -20.69242630194384 ], [ 47.660443628057628, -20.692121445260209 ], [ 47.660821989030239, -20.691720719947252 ], [ 47.660796604766126, -20.689982969850981 ], [ 47.660910826759689, -20.6868297857805 ], [ 47.661378192735697, -20.684199480137856 ], [ 47.661656853067605, -20.682507961490046 ], [ 47.661808648736454, -20.682471611792327 ], [ 47.66203340190625, -20.682463186044075 ], [ 47.662301720933975, -20.682461274085448 ], [ 47.662555371119829, -20.682438990683853 ], [ 47.66279061488131, -20.682401503343701 ], [ 47.663061546439586, -20.682423838006724 ], [ 47.663409929411166, -20.682457752340365 ], [ 47.663848262573779, -20.682454624498313 ], [ 47.664093703747945, -20.68251353908548 ], [ 47.664135508733224, -20.682901501220034 ], [ 47.664023195100881, -20.683363363345027 ], [ 47.663923771451401, -20.683825132839871 ], [ 47.663852193510529, -20.68413046976152 ], [ 47.664045982123, -20.68435491536308 ], [ 47.664335431621595, -20.685355302320808 ], [ 47.664469999877376, -20.685680006142679 ], [ 47.664739499714898, -20.686278242362082 ], [ 47.665114275989858, -20.686599815643859 ], [ 47.665261522887846, -20.686675445929964 ], [ 47.665855302067364, -20.685757303771904 ], [ 47.666709143598958, -20.683842383635586 ], [ 47.667562964446027, -20.68192745990185 ], [ 47.668123352697293, -20.6795601537968 ], [ 47.668971992550105, -20.677008988494084 ], [ 47.669531610981622, -20.674550787010645 ], [ 47.669897329284815, -20.672003076903255 ], [ 47.67055202584168, -20.669362395782205 ], [ 47.670956344845806, -20.668191146628995 ], [ 47.674420000069766, -20.669300005315439 ], [ 47.702529998650107, -20.665020005796897 ], [ 47.715149998763408, -20.649700006187395 ], [ 47.717429998684899, -20.634600005930618 ], [ 47.739869998393374, -20.633720005820408 ], [ 47.752138390567382, -20.634502717273641 ], [ 47.752341560008155, -20.636276028362136 ], [ 47.751517787309382, -20.640984609695568 ], [ 47.75046822991829, -20.643500983825597 ], [ 47.74881219492022, -20.645799523270259 ], [ 47.746930323069201, -20.648416486571001 ], [ 47.74651293511716, -20.648810854576496 ], [ 47.744990696756481, -20.650249118740259 ], [ 47.742748186872369, -20.651316770490293 ], [ 47.742132087418987, -20.65284972697015 ], [ 47.741891375779424, -20.653951331724901 ], [ 47.740706277066032, -20.654598822013856 ], [ 47.739178214695755, -20.656599914289327 ], [ 47.738198133530062, -20.659278860664148 ], [ 47.73693131252297, -20.660409090839522 ], [ 47.73569714949668, -20.6610789400732 ], [ 47.733722948747882, -20.663394428141181 ], [ 47.733221902261739, -20.665037033562204 ], [ 47.732758240593164, -20.666557071280966 ], [ 47.733393123287094, -20.669056164937938 ], [ 47.733985105621294, -20.670034060750673 ], [ 47.733259180959557, -20.670942835570262 ], [ 47.731030491856572, -20.670006030680991 ], [ 47.729923269935746, -20.670447934151731 ], [ 47.729338996590222, -20.672856824008896 ], [ 47.728613295859802, -20.6762767892662 ], [ 47.727462258969126, -20.680196195719557 ], [ 47.726060992014276, -20.683853949819653 ], [ 47.725892723463545, -20.68429317960598 ], [ 47.723204907073843, -20.688116791174302 ], [ 47.72046917300694, -20.691893864625289 ], [ 47.719591339361898, -20.695588179763885 ], [ 47.719979627950678, -20.696953798491446 ], [ 47.719065855597968, -20.698735055090211 ], [ 47.719770376395211, -20.70017566018932 ], [ 47.721500758346899, -20.700389699735567 ], [ 47.72292991957395, -20.702234188566763 ], [ 47.723590759400182, -20.705954258490205 ], [ 47.723103307965509, -20.708410949112608 ], [ 47.722852442980049, -20.70942094532645 ], [ 47.722413925456564, -20.711186430514477 ], [ 47.721621129006223, -20.713015907861926 ], [ 47.720009070856143, -20.714255319330881 ], [ 47.71968135160742, -20.716023165239264 ], [ 47.717643196470547, -20.717831432076242 ], [ 47.715960943536842, -20.720151913180256 ], [ 47.716902176688535, -20.72325509404579 ], [ 47.716281798260901, -20.726262075331324 ], [ 47.715743067483082, -20.726445331983179 ], [ 47.713896043462, -20.727073614551916 ], [ 47.715033096794528, -20.728912977247393 ], [ 47.716311286131656, -20.72976441668942 ], [ 47.716903102990749, -20.731986083884482 ], [ 47.71753443336258, -20.734692410119063 ], [ 47.719370232045961, -20.735760406309666 ], [ 47.720675949630937, -20.736451265505146 ], [ 47.72254178387206, -20.738510372146724 ], [ 47.724208619728131, -20.739460454626549 ], [ 47.726281983323204, -20.739657729011277 ], [ 47.726947662401145, -20.740590461770207 ], [ 47.729225566003876, -20.742818014128868 ], [ 47.730523913644745, -20.74390008920604 ], [ 47.731237042752483, -20.744902447477738 ], [ 47.730747227899457, -20.746230596851571 ], [ 47.728968088303702, -20.747259647001531 ], [ 47.726835330782698, -20.74637070672955 ], [ 47.725501254875624, -20.745887306740826 ], [ 47.724012983908636, -20.747036633120423 ], [ 47.722449642933107, -20.748253693738565 ], [ 47.72104354212204, -20.747699665492924 ], [ 47.719870512310422, -20.746458505741803 ], [ 47.718972699326692, -20.747387145686051 ], [ 47.719415844761528, -20.74847795318022 ], [ 47.718416929993445, -20.749589137513293 ], [ 47.71706492160471, -20.748759731461458 ], [ 47.716070866772881, -20.749595361721067 ], [ 47.715503691338192, -20.752372718209344 ], [ 47.71470828505533, -20.755561079261717 ], [ 47.713754806735146, -20.759368807903321 ], [ 47.712368761705143, -20.762777219570356 ], [ 47.709175752954508, -20.762376972696536 ], [ 47.706914511990782, -20.761785152240513 ], [ 47.705084173091656, -20.762905251552933 ], [ 47.704565185130797, -20.765729645282228 ], [ 47.704763149295651, -20.768082966929509 ], [ 47.703468805436579, -20.7680603624698 ], [ 47.701639230961085, -20.766623524630642 ], [ 47.700917388322061, -20.767302376078106 ], [ 47.700699642669832, -20.769694339795034 ], [ 47.700871506710229, -20.772162465297278 ], [ 47.70081480895184, -20.772471519116877 ], [ 47.688519998292762, -20.757650005621969 ], [ 47.662469998483658, -20.779080005503776 ], [ 47.649729999130443, -20.773470005804374 ] ] ], [ [ [ 47.632049999489553, -20.658030004509186 ], [ 47.636263669515181, -20.662868602629629 ], [ 47.636178932694456, -20.671229429715744 ], [ 47.633199765639397, -20.674312771536769 ], [ 47.632700000687215, -20.67483000491999 ], [ 47.625835057324132, -20.676969242954019 ], [ 47.623879999544073, -20.673850004693168 ], [ 47.616275192926373, -20.667399532784501 ], [ 47.617872996821632, -20.660636093207053 ], [ 47.614986408675605, -20.656497448226609 ], [ 47.613577948942364, -20.649563752596595 ], [ 47.612034395749539, -20.644614766292392 ], [ 47.611524822790699, -20.638193368566373 ], [ 47.611034171567681, -20.632010166176823 ], [ 47.612649999675597, -20.628570005743601 ], [ 47.625449999997031, -20.63407000486712 ], [ 47.623017435486119, -20.643830932486583 ], [ 47.622628646874844, -20.651910535273746 ], [ 47.629141520046467, -20.656966730658588 ], [ 47.632049999489553, -20.658030004509186 ] ] ] ] } },
{ "type": "Feature", "properties": { "fid": 16, "csb_secto": "CSB2 IFANADIANA" }, "geometry": { "type": "Polygon", "coordinates": [ [ [ 47.661013715541337, -21.43422402613275 ], [ 47.65978821208693, -21.434080310872517 ], [ 47.658316574980404, -21.4337855787563 ], [ 47.657337211473475, -21.43379285247298 ], [ 47.65635784796666, -21.433800119894439 ], [ 47.655052027858929, -21.433809800196865 ], [ 47.652769999965464, -21.433150005383396 ], [ 47.651293924704667, -21.433379100479836 ], [ 47.649173254072032, -21.433547591162892 ], [ 47.648067320879775, -21.434246623397044 ], [ 47.647014877564118, -21.434987902183558 ], [ 47.645592526003746, -21.435546752593723 ], [ 47.644415362908042, -21.43601262659433 ], [ 47.643165771112699, -21.436685620757316 ], [ 47.641793567548333, -21.437405507370272 ], [ 47.640765953615052, -21.438238578159357 ], [ 47.639568154675793, -21.439486360517922 ], [ 47.638786108721099, -21.440272181825993 ], [ 47.638077059837578, -21.440919734168268 ], [ 47.636997743879817, -21.441269975138844 ], [ 47.635696117310872, -21.441460114302295 ], [ 47.634860859370029, -21.441579104501461 ], [ 47.633610057087232, -21.442045164661653 ], [ 47.632654147899288, -21.442555919328953 ], [ 47.632162129707176, -21.442443221686034 ], [ 47.631986188140729, -21.441730730198103 ], [ 47.631982567470075, -21.441040692083732 ], [ 47.631807743760831, -21.440535352234491 ], [ 47.63146183392498, -21.440191850783187 ], [ 47.63067609445455, -21.440356746876201 ], [ 47.630114604533752, -21.441026338903757 ], [ 47.629503402788174, -21.441627426873278 ], [ 47.628522870162612, -21.44211519217108 ], [ 47.627513739096074, -21.441843666161041 ], [ 47.627535207711809, -21.441268597376951 ], [ 47.62782512215977, -21.440346971245344 ], [ 47.627894880772232, -21.439633537267994 ], [ 47.627547951105129, -21.439129158793946 ], [ 47.626517102310359, -21.439363830586423 ], [ 47.625684738387925, -21.439942801528819 ], [ 47.624557982292956, -21.440684490406202 ], [ 47.623556681623405, -21.441124345221322 ], [ 47.619170000920583, -21.413270005929903 ], [ 47.614179998332681, -21.39915000589928 ], [ 47.619230000988495, -21.396370003605796 ], [ 47.617699998779806, -21.385070004116418 ], [ 47.61986999992429, -21.379300004234128 ], [ 47.60164999966895, -21.364580003513598 ], [ 47.577276658110669, -21.371488227643688 ], [ 47.575052756099069, -21.372118357419936 ], [ 47.575534514825186, -21.370505081588792 ], [ 47.576493983529659, -21.369142421630762 ], [ 47.57684787664742, -21.368639811223975 ], [ 47.576910904733623, -21.368550297204195 ], [ 47.57773199745295, -21.367290297555574 ], [ 47.578282322290562, -21.366504091337596 ], [ 47.578430455919978, -21.36557446663565 ], [ 47.578288056367761, -21.364751288389108 ], [ 47.577916069789765, -21.363776725463886 ], [ 47.577678229685461, -21.362542688343336 ], [ 47.577546282054016, -21.360981074966453 ], [ 47.577619240454354, -21.360032213765972 ], [ 47.57789165139728, -21.359120356969743 ], [ 47.577761623818489, -21.358526842191225 ], [ 47.577062379343857, -21.35742921963449 ], [ 47.576418567281486, -21.356444110359696 ], [ 47.576054820292072, -21.355630925379511 ], [ 47.576310519133401, -21.353936226729079 ], [ 47.577148266397714, -21.353459072532065 ], [ 47.577643124648802, -21.352559788258063 ], [ 47.578017846964329, -21.351251506706827 ], [ 47.578632039855016, -21.350738639532022 ], [ 47.579260459121194, -21.350501710441247 ], [ 47.579414340317868, -21.350148960362066 ], [ 47.579365794913755, -21.34922860047585 ], [ 47.5790604957634, -21.347651812838027 ], [ 47.578698145421043, -21.346861766514877 ], [ 47.578652056964799, -21.345526479221878 ], [ 47.578429337161992, -21.343645980636765 ], [ 47.578652609148328, -21.342274956983644 ], [ 47.579304074441225, -21.341069187353796 ], [ 47.580293170411295, -21.340654199692576 ], [ 47.581055666903339, -21.340157795507135 ], [ 47.581392219293242, -21.339058072134222 ], [ 47.581235310079194, -21.337958949508401 ], [ 47.580951972373178, -21.336795786159747 ], [ 47.580708736336625, -21.335764514684239 ], [ 47.580602245814497, -21.335313012749232 ], [ 47.580550124705915, -21.333863169814098 ], [ 47.581036678617245, -21.332341853259472 ], [ 47.582058064745297, -21.331141413012006 ], [ 47.583195177432877, -21.329797342940019 ], [ 47.584826228365237, -21.328937561386887 ], [ 47.585899121364868, -21.327781335408542 ], [ 47.58665936235721, -21.327238637721543 ], [ 47.58793716588518, -21.327156347955835 ], [ 47.589314219493431, -21.327092547352034 ], [ 47.590781529961532, -21.326863272391172 ], [ 47.591754043332394, -21.326362174644043 ], [ 47.592249016696734, -21.325711592485764 ], [ 47.592443712725093, -21.325194843837036 ], [ 47.592418173777659, -21.324711810771749 ], [ 47.592144385972425, -21.323733189206088 ], [ 47.591521471456431, -21.322677980475831 ], [ 47.590788033858253, -21.321397738886578 ], [ 47.590221648028077, -21.320478737875916 ], [ 47.589454779931458, -21.319499600998693 ], [ 47.58833772212531, -21.318421854358579 ], [ 47.587336108491606, -21.317199914918252 ], [ 47.586496890835654, -21.31624723249832 ], [ 47.585889935688662, -21.315029872405841 ], [ 47.585230355812932, -21.313746262855581 ], [ 47.584766315529521, -21.312430242638047 ], [ 47.584423863586842, -21.311802415126149 ], [ 47.583444283343219, -21.311414513246188 ], [ 47.582456326814174, -21.311001945660379 ], [ 47.581588607844061, -21.310700381394756 ], [ 47.58075006737765, -21.31031472871917 ], [ 47.580031102569265, -21.309956204992456 ], [ 47.57961205536791, -21.309791335879051 ], [ 47.57931169979085, -21.309541756924325 ], [ 47.579782270051545, -21.308671693422163 ], [ 47.580704139000687, -21.308273852235036 ], [ 47.581954288375663, -21.30820242538022 ], [ 47.582817495447038, -21.307616095285535 ], [ 47.583560769829674, -21.307275399719177 ], [ 47.584124574605447, -21.306880025372291 ], [ 47.584239722900932, -21.306347956772537 ], [ 47.583669069787746, -21.305876571726397 ], [ 47.583010677017057, -21.305629485692283 ], [ 47.582143870858729, -21.305439763814231 ], [ 47.581199999995746, -21.305270004187552 ], [ 47.57987612599797, -21.304700553468123 ], [ 47.578852384545335, -21.304260190535977 ], [ 47.577889708858294, -21.303260222662168 ], [ 47.576809235472894, -21.302456789930371 ], [ 47.576086366707493, -21.301594962419415 ], [ 47.575362408863022, -21.30059332990059 ], [ 47.574787421017469, -21.299562706836355 ], [ 47.574539380802385, -21.297569781304375 ], [ 47.574155579830624, -21.295904300727724 ], [ 47.574254936030883, -21.294516054158141 ], [ 47.574630670083678, -21.293230339295043 ], [ 47.575179735870478, -21.292469932827899 ], [ 47.575664214146471, -21.291798970233469 ], [ 47.57635155699306, -21.289910372353972 ], [ 47.577115915981047, -21.288181831315558 ], [ 47.577313501531073, -21.286324634164785 ], [ 47.577160628474282, -21.284867532801389 ], [ 47.577854246790082, -21.283139476497627 ], [ 47.578622724673018, -21.281941140663744 ], [ 47.579674561845607, -21.280807122543958 ], [ 47.580148578308297, -21.27998694263707 ], [ 47.580429999558874, -21.279500004715512 ], [ 47.580075909489551, -21.277888038297192 ], [ 47.57984999979147, -21.276450004359894 ], [ 47.579704248465951, -21.274963399837546 ], [ 47.581047961508055, -21.274739606244491 ], [ 47.582450620613592, -21.27469772931353 ], [ 47.582848885381729, -21.27480518390885 ], [ 47.583325771581123, -21.274933849913928 ], [ 47.583500769758778, -21.275137260372805 ], [ 47.583745790050251, -21.275422064872821 ], [ 47.584430122866117, -21.276243199859792 ], [ 47.585162726792703, -21.276578520178468 ], [ 47.586308215766017, -21.276802022391252 ], [ 47.58650334077096, -21.276666750865818 ], [ 47.58709289763361, -21.276258032378436 ], [ 47.587540586443374, -21.27540759388198 ], [ 47.587928526994311, -21.27435152450051 ], [ 47.588262158386314, -21.273206639872438 ], [ 47.588326851117579, -21.272096365653287 ], [ 47.588302966023328, -21.270714049213232 ], [ 47.588182501835249, -21.270404851502128 ], [ 47.587932282562946, -21.26976260426051 ], [ 47.587421499116971, -21.268495439713117 ], [ 47.586752552801947, -21.267027277587921 ], [ 47.586162287273503, -21.265187115395179 ], [ 47.585683901904076, -21.263595125617407 ], [ 47.585520497786113, -21.260973538002681 ], [ 47.586033980996781, -21.259497169563804 ], [ 47.585986553449949, -21.258599924952183 ], [ 47.585737643590569, -21.257619961598134 ], [ 47.585201155721819, -21.256330382348157 ], [ 47.584575053109177, -21.255206821544927 ], [ 47.584790810360488, -21.254158720156809 ], [ 47.585406785707519, -21.253692118604672 ], [ 47.586362136416419, -21.253117599306336 ], [ 47.587952633320505, -21.252905601221414 ], [ 47.588230146117553, -21.252906350356653 ], [ 47.589357551523044, -21.252909393662506 ], [ 47.591273451022381, -21.253259051872625 ], [ 47.592626323659594, -21.254141558394668 ], [ 47.594400539467138, -21.255074176939775 ], [ 47.5951673248261, -21.25559156050992 ], [ 47.596713471663499, -21.255935268805267 ], [ 47.597258987826187, -21.256002015588276 ], [ 47.597998872664093, -21.256013773324696 ], [ 47.598394731745742, -21.256041485933544 ], [ 47.598813887765012, -21.256045323340764 ], [ 47.599168898740061, -21.256236464349016 ], [ 47.599554925533859, -21.256541415461513 ], [ 47.599859488139337, -21.256711456575861 ], [ 47.600304411533855, -21.256737125925113 ], [ 47.600615545485546, -21.256561074641436 ], [ 47.60101876461885, -21.256265830811177 ], [ 47.601414854826231, -21.255832331504937 ], [ 47.601961056272245, -21.25451544973695 ], [ 47.602085700509186, -21.253610231736126 ], [ 47.602440080160051, -21.252856380427279 ], [ 47.603053510425674, -21.252343449400676 ], [ 47.603666714961498, -21.252291720396634 ], [ 47.604287344300069, -21.252378240573425 ], [ 47.605065361292041, -21.252642036910366 ], [ 47.605652579917397, -21.253029670792422 ], [ 47.606412258833537, -21.25340931329875 ], [ 47.606892759408197, -21.253179557200593 ], [ 47.607064918426168, -21.253171569422161 ], [ 47.60772609459854, -21.253094649508331 ], [ 47.608284196773269, -21.252930391933983 ], [ 47.608863114656103, -21.252695985441523 ], [ 47.609458186161447, -21.2522994509693 ], [ 47.609768213946943, -21.252100812313177 ], [ 47.610371705804688, -21.251403895284412 ], [ 47.610594511942317, -21.250955230710449 ], [ 47.610560427636678, -21.250311370984484 ], [ 47.610479464370769, -21.249715823738072 ], [ 47.610272133766905, -21.249056249258675 ], [ 47.610325167687222, -21.248200646855022 ], [ 47.610971755057406, -21.247847773568729 ], [ 47.611701985673058, -21.247675514726225 ], [ 47.612499607885688, -21.24738479358653 ], [ 47.613343011885618, -21.247022615914485 ], [ 47.613839637304565, -21.246630715648717 ], [ 47.614115053781838, -21.246248851816905 ], [ 47.615167566345313, -21.245646960752943 ], [ 47.615890043006345, -21.245336436541812 ], [ 47.616407765621098, -21.2448743819619 ], [ 47.616723698355294, -21.24432908253624 ], [ 47.616806329863458, -21.243564153378433 ], [ 47.616728125717607, -21.243014313275761 ], [ 47.616627425930126, -21.242512054503734 ], [ 47.616492427798363, -21.241826572354849 ], [ 47.616392024787181, -21.241323745211378 ], [ 47.616183299334821, -21.240641607641127 ], [ 47.616140673268362, -21.239836923052994 ], [ 47.616525371763458, -21.239196298188471 ], [ 47.616900567122435, -21.238832915424709 ], [ 47.617518852827764, -21.238411916694965 ], [ 47.617684828107308, -21.237827600182229 ], [ 47.617557272764898, -21.23728037081138 ], [ 47.617290779360864, -21.236900656359353 ], [ 47.617510605145206, -21.236236927012055 ], [ 47.619442029641064, -21.237469291393587 ], [ 47.621511910161878, -21.237965776518173 ], [ 47.623369998542096, -21.238050004323075 ], [ 47.626072939730243, -21.238822706321464 ], [ 47.627881289306067, -21.239521360840492 ], [ 47.631679999548709, -21.239950003807884 ], [ 47.633968352374282, -21.241345584348888 ], [ 47.63559212509336, -21.242668132745194 ], [ 47.638264657505211, -21.24460572928707 ], [ 47.640553356569718, -21.246012364294668 ], [ 47.642182371437173, -21.247957446793279 ], [ 47.643618737133117, -21.249548112768984 ], [ 47.644681504665989, -21.251853072473899 ], [ 47.64507646982166, -21.253718131498193 ], [ 47.645669999889229, -21.255720005284587 ], [ 47.648430452722238, -21.257696413868036 ], [ 47.651192376846112, -21.258921532411911 ], [ 47.653668209539845, -21.259970803818305 ], [ 47.657469805706974, -21.260073869722184 ], [ 47.658206615762751, -21.26018530651557 ], [ 47.659211923811476, -21.259927279329567 ], [ 47.659799326797653, -21.259671757654719 ], [ 47.661098338138125, -21.259251243659484 ], [ 47.662078367143337, -21.258924518161781 ], [ 47.663426136127768, -21.258503627350624 ], [ 47.664333250799494, -21.258315731995587 ], [ 47.665264876493481, -21.258035069773062 ], [ 47.666856952607041, -21.257452031197133 ], [ 47.667813815975649, -21.257309472465156 ], [ 47.66884431313543, -21.257258374785188 ], [ 47.66946097556454, -21.257761846742689 ], [ 47.669781994864209, -21.258196945942867 ], [ 47.670522279001148, -21.258791508431688 ], [ 47.671114629158076, -21.259409744673949 ], [ 47.671558715283787, -21.259798768907842 ], [ 47.672152245351214, -21.260555293001755 ], [ 47.672084716158167, -21.261613648459935 ], [ 47.672089683113974, -21.262556872709879 ], [ 47.672193001727258, -21.263523076436687 ], [ 47.672615293682519, -21.264394895415467 ], [ 47.673380661709999, -21.265173277531797 ], [ 47.674070836521793, -21.265676182016911 ], [ 47.674933611918725, -21.266292952364299 ], [ 47.675942760971786, -21.26677145734315 ], [ 47.676953068351629, -21.267456547387702 ], [ 47.677839986048909, -21.267935387813651 ], [ 47.678507242537641, -21.268714477696346 ], [ 47.678880974699759, -21.269747516339699 ], [ 47.679332071940266, -21.271378897322197 ], [ 47.679802443450804, -21.272090020042018 ], [ 47.681009335435434, -21.272727889383983 ], [ 47.682210603059929, -21.272423101048858 ], [ 47.682650476761147, -21.272098612165014 ], [ 47.68343342383654, -21.271680667532795 ], [ 47.684412712699761, -21.271124074420907 ], [ 47.6856843001136, -21.270312394006705 ], [ 47.687103031003424, -21.269385006818091 ], [ 47.687616957579934, -21.269060512538335 ], [ 47.688620101859641, -21.268480575724038 ], [ 47.689844433497314, -21.26792210932436 ], [ 47.691069540350604, -21.267525073929747 ], [ 47.694625631491498, -21.26560733891548 ], [ 47.698469999414989, -21.263270003617169 ], [ 47.703825034122438, -21.26138668925509 ], [ 47.708115996380904, -21.260168015253377 ], [ 47.712271071078106, -21.257882925169941 ], [ 47.717175693828509, -21.254524626425543 ], [ 47.720188852558891, -21.251892352167065 ], [ 47.723445527014974, -21.248190796586929 ], [ 47.72519977697366, -21.246279730045533 ], [ 47.728229359123382, -21.245544716835788 ], [ 47.731259954809069, -21.244928239667601 ], [ 47.732779999723299, -21.244150005040321 ], [ 47.734814348030199, -21.246323735672355 ], [ 47.736346991547073, -21.247972113841762 ], [ 47.738261264172941, -21.24985468446496 ], [ 47.740048030919148, -21.2516196318585 ], [ 47.742219622964797, -21.253974510232311 ], [ 47.744005426537086, -21.255620822658884 ], [ 47.745794447883632, -21.257622868215858 ], [ 47.747449999945907, -21.259220004813631 ], [ 47.746719210851325, -21.262003545939624 ], [ 47.745102192940408, -21.265099668026192 ], [ 47.743613743008353, -21.268431955679329 ], [ 47.743256445057597, -21.270925210038207 ], [ 47.742223535916132, -21.273230214709102 ], [ 47.738713548519861, -21.274623153041563 ], [ 47.736841224771332, -21.28004146224615 ], [ 47.735141838853444, -21.283720399876906 ], [ 47.7328790789349, -21.285683209811559 ], [ 47.732959891114618, -21.285794255399697 ], [ 47.733035891921418, -21.285907879344197 ], [ 47.734540707716242, -21.28642492027274 ], [ 47.735857278319649, -21.287773190178832 ], [ 47.736885189928714, -21.289259558179555 ], [ 47.736606177062612, -21.290484430309096 ], [ 47.735602418545938, -21.291714964570065 ], [ 47.736201551389811, -21.293883954875593 ], [ 47.735923736420702, -21.29524466960007 ], [ 47.735357218390291, -21.296743493211046 ], [ 47.733773594105458, -21.297978547464627 ], [ 47.733791701055644, -21.300016221462926 ], [ 47.734680769931259, -21.302182948174888 ], [ 47.735568657097737, -21.304213821500049 ], [ 47.733544038556239, -21.304773053222803 ], [ 47.732101662691257, -21.305599429458507 ], [ 47.730514308018492, -21.306426925350216 ], [ 47.729389585290605, -21.307713272436722 ], [ 47.729079121333839, -21.308068349961317 ], [ 47.727931430820334, -21.309435819493594 ], [ 47.727180401583723, -21.309834479963115 ], [ 47.728251480650904, -21.31082961488022 ], [ 47.728947746570874, -21.311568730797294 ], [ 47.729514823080478, -21.312750825774433 ], [ 47.730274096402454, -21.31441121528886 ], [ 47.731082865711805, -21.315470057280379 ], [ 47.731867965764287, -21.316575932016146 ], [ 47.732453745474466, -21.318772773426076 ], [ 47.73229345391033, -21.321409509221365 ], [ 47.732462602897499, -21.323088596540504 ], [ 47.732762373015937, -21.324348962213175 ], [ 47.732816336835434, -21.326216348682884 ], [ 47.733331168129993, -21.328427633204871 ], [ 47.733839565674636, -21.330038232653635 ], [ 47.73419775395454, -21.332104183135773 ], [ 47.734201555388928, -21.333950509281838 ], [ 47.733987019416986, -21.335296168455862 ], [ 47.733240898680066, -21.336889834569757 ], [ 47.732049036165598, -21.338428274216184 ], [ 47.731113070343483, -21.339612486197293 ], [ 47.73035106038467, -21.340237647219244 ], [ 47.72939671511773, -21.340983408226855 ], [ 47.729352271521662, -21.341677479800659 ], [ 47.730157572145849, -21.342667470595543 ], [ 47.731733410100631, -21.344393704872964 ], [ 47.73279772446741, -21.346252055854105 ], [ 47.733598151665618, -21.347703791862273 ], [ 47.733722496428307, -21.348080723811922 ], [ 47.73405021297927, -21.349074146419738 ], [ 47.734794942465193, -21.350965460251768 ], [ 47.734952681753477, -21.352368596896554 ], [ 47.735375161667164, -21.354201466486789 ], [ 47.735832449840629, -21.356286939451838 ], [ 47.736172382782257, -21.357914988446236 ], [ 47.735661870032359, -21.359247160487566 ], [ 47.734948307451518, -21.360447146577485 ], [ 47.734177399600483, -21.362041569920507 ], [ 47.73401608280917, -21.363478246780865 ], [ 47.733366694950206, -21.364445167267348 ], [ 47.732122291343842, -21.365316270385684 ], [ 47.731194131636933, -21.366108126144752 ], [ 47.730627896892969, -21.367280415813514 ], [ 47.730399300920226, -21.368880178431638 ], [ 47.729914218299697, -21.370234715712854 ], [ 47.729080174443652, -21.370907853767356 ], [ 47.728087228475893, -21.371332175492107 ], [ 47.726659444110993, -21.371378309813615 ], [ 47.725666878556495, -21.370625156378811 ], [ 47.72448993489521, -21.369601363665378 ], [ 47.723406259024173, -21.369036305234932 ], [ 47.721793088412689, -21.36876492131768 ], [ 47.721180422570768, -21.368853782429742 ], [ 47.721393007014036, -21.369546567972982 ], [ 47.721552106077247, -21.370065048715929 ], [ 47.722201640525867, -21.372029396491381 ], [ 47.722274205922602, -21.373758332332219 ], [ 47.722403024812586, -21.375646571382187 ], [ 47.722632579462903, -21.377001177911243 ], [ 47.723091013372603, -21.377932918718052 ], [ 47.724298166160636, -21.379094206980266 ], [ 47.726744962443554, -21.379846183202705 ], [ 47.7288936244749, -21.379938912298996 ], [ 47.730296183755648, -21.379893514522188 ], [ 47.731649940426344, -21.379849618613243 ], [ 47.73345863174459, -21.380068566659222 ], [ 47.734838442674246, -21.380647032182747 ], [ 47.735515383062861, -21.38207938150542 ], [ 47.735841952079056, -21.384561536431647 ], [ 47.736283209836969, -21.386255376229574 ], [ 47.735944643865047, -21.388759406265198 ], [ 47.735649458490656, -21.390523096406422 ], [ 47.73538058907787, -21.392332018849267 ], [ 47.73540641940572, -21.39268373111079 ], [ 47.735449661507758, -21.393272503764127 ], [ 47.733729999474797, -21.392980005563963 ], [ 47.732364004829705, -21.392592802457191 ], [ 47.731379319134831, -21.391970087591112 ], [ 47.729903583817752, -21.391179271448241 ], [ 47.728242249114672, -21.390160646239256 ], [ 47.726458558049998, -21.389142956325241 ], [ 47.724367923874276, -21.388013013932852 ], [ 47.722279352743421, -21.38711227545495 ], [ 47.719701292313992, -21.386215311431602 ], [ 47.717615301338078, -21.385601055588563 ], [ 47.71381453164787, -21.384828096384041 ], [ 47.710879998845151, -21.384520003939524 ], [ 47.708118891305858, -21.385045892398093 ], [ 47.705379032947874, -21.38586740240223 ], [ 47.703307616385196, -21.386914931821462 ], [ 47.700508889305453, -21.388770384287533 ], [ 47.698314016510167, -21.389704175548271 ], [ 47.69496245368552, -21.391334517813739 ], [ 47.692655064011184, -21.393415357471458 ], [ 47.690960043402384, -21.395548832649929 ], [ 47.690269036717822, -21.396932665346931 ], [ 47.689089948173589, -21.39698451845733 ], [ 47.688451478983566, -21.397102822473776 ], [ 47.687421038481048, -21.397338115697799 ], [ 47.686144892403718, -21.397597561114626 ], [ 47.685066408318832, -21.397993794314029 ], [ 47.684036538885827, -21.398436222089494 ], [ 47.683474164032098, -21.398853098327102 ], [ 47.682814130898052, -21.399408437784047 ], [ 47.682030735060934, -21.399987568805848 ], [ 47.681541096475051, -21.400243016736244 ], [ 47.68073043409278, -21.400316022800528 ], [ 47.679697018632886, -21.399998967712598 ], [ 47.678933021172298, -21.399680721922397 ], [ 47.678243556824931, -21.399408197664926 ], [ 47.67733486114507, -21.399435638678391 ], [ 47.67601140713078, -21.400017393921829 ], [ 47.675228580564593, -21.400596209281474 ], [ 47.674836766633419, -21.400874330919287 ], [ 47.674200418944089, -21.401314591328745 ], [ 47.67302245095523, -21.401573489957794 ], [ 47.671745459515172, -21.401671682435222 ], [ 47.671131477965069, -21.401697730398951 ], [ 47.670443769993632, -21.401701187392895 ], [ 47.669117726831153, -21.401914597413558 ], [ 47.668309006085252, -21.402217833518833 ], [ 47.667499659411156, -21.402589654621185 ], [ 47.667157640042497, -21.402913391671866 ], [ 47.667014822305696, -21.403696528503701 ], [ 47.667017715424713, -21.4042485557577 ], [ 47.667392016857683, -21.405166971309633 ], [ 47.668034207442389, -21.405761919607635 ], [ 47.66926841363626, -21.406791028213561 ], [ 47.670304581920902, -21.407568163869474 ], [ 47.671021705817175, -21.408323693313257 ], [ 47.671074434867414, -21.408921631856945 ], [ 47.670782594071646, -21.409475017087161 ], [ 47.670146184329099, -21.40998441557683 ], [ 47.669607852850206, -21.410332206794198 ], [ 47.668825914814178, -21.411095003659309 ], [ 47.668610515492986, -21.41213128166056 ], [ 47.668613613657513, -21.412706447571409 ], [ 47.668477201791717, -21.41459362991802 ], [ 47.668582632013262, -21.415858371691677 ], [ 47.668636504101777, -21.416732323862387 ], [ 47.66873903311032, -21.417444757793763 ], [ 47.668743492848357, -21.418249932512285 ], [ 47.668847961694631, -21.419330664901608 ], [ 47.668850683043132, -21.41979068341638 ], [ 47.669080775488041, -21.420510496285136 ], [ 47.668988362953343, -21.42186126360842 ], [ 47.66867433048678, -21.423315546496482 ], [ 47.668523509683105, -21.424768609903779 ], [ 47.668287814462019, -21.425840218670928 ], [ 47.667971812480069, -21.427065263470276 ], [ 47.667818375548592, -21.428212674293942 ], [ 47.667338492808248, -21.429362524078989 ], [ 47.666859907789558, -21.430665201954596 ], [ 47.666785465507921, -21.431506350454313 ], [ 47.666306868798138, -21.432809024732595 ], [ 47.666049999938792, -21.434630005285307 ], [ 47.664200549546777, -21.434658775496846 ], [ 47.662729551858256, -21.434440496546486 ], [ 47.661013715541337, -21.43422402613275 ] ] ] } },
{ "type": "Feature", "properties": { "fid": 17, "csb_secto": "CSB2 KELILALINA" }, "geometry": { "type": "Polygon", "coordinates": [ [ [ 47.574867783540924, -21.377015507700506 ], [ 47.574313287647676, -21.378655250579456 ], [ 47.573814476876251, -21.379485121580664 ], [ 47.57327397803121, -21.380455838105426 ], [ 47.572522727561463, -21.381643081701242 ], [ 47.570060833460111, -21.382656403607729 ], [ 47.568705973321364, -21.383157414120646 ], [ 47.567005996548694, -21.383189996558336 ], [ 47.564642859699184, -21.383276226253898 ], [ 47.562520278007263, -21.383719797966936 ], [ 47.560907197328014, -21.384462994108045 ], [ 47.559375768795441, -21.385825435530727 ], [ 47.558500388500796, -21.386995408545939 ], [ 47.557909271314479, -21.387944978412104 ], [ 47.556131286448355, -21.390241063606886 ], [ 47.556292843358769, -21.391110013748371 ], [ 47.556270705647385, -21.392911917882035 ], [ 47.556743558387524, -21.394378063727139 ], [ 47.556845929115404, -21.395673867185028 ], [ 47.557132204007125, -21.396881983146148 ], [ 47.557606426414736, -21.3985209813865 ], [ 47.558353488742, -21.399639512281393 ], [ 47.540919999575443, -21.388150004951758 ], [ 47.500120595703208, -21.399928230627516 ], [ 47.499649999362177, -21.398830005525141 ], [ 47.499765776283702, -21.398171495842998 ], [ 47.500863026521593, -21.396781398468715 ], [ 47.502569535969407, -21.394580602739939 ], [ 47.503541117642619, -21.392845566797721 ], [ 47.504636583625512, -21.391224967787256 ], [ 47.505487645352666, -21.389836448723063 ], [ 47.506214787696372, -21.388333489130112 ], [ 47.507067533853636, -21.387175447420489 ], [ 47.507556284808814, -21.386711266843346 ], [ 47.508034729533129, -21.384864181669521 ], [ 47.508768696831893, -21.384283146783019 ], [ 47.509006192495789, -21.383129119646938 ], [ 47.510719320054605, -21.381850186571484 ], [ 47.51157199786352, -21.380692125976118 ], [ 47.512850000141505, -21.3794700048729 ], [ 47.513404666906048, -21.378951397325501 ], [ 47.51454820255163, -21.37794107375851 ], [ 47.514543246387824, -21.376836358248855 ], [ 47.514685690006594, -21.375777530646705 ], [ 47.514949395512147, -21.374372990160332 ], [ 47.51538559188554, -21.373106184442509 ], [ 47.515923673352759, -21.372528541798818 ], [ 47.516755808847442, -21.371904365534409 ], [ 47.517611819543845, -21.371049707418898 ], [ 47.518321642743722, -21.370471490108436 ], [ 47.519006360469191, -21.369801419641469 ], [ 47.519641351980923, -21.368970790511678 ], [ 47.520175851448428, -21.367680181538038 ], [ 47.520394028775456, -21.367081490261825 ], [ 47.520461995938319, -21.365861699301895 ], [ 47.520457225934123, -21.364826418648704 ], [ 47.52008247753804, -21.36351640320456 ], [ 47.519784157126828, -21.362712248317127 ], [ 47.518397615670878, -21.360440191208543 ], [ 47.516863915450521, -21.358145941529781 ], [ 47.516294799278604, -21.357227833545927 ], [ 47.515773854392783, -21.356102792458852 ], [ 47.515547066956394, -21.354906949545651 ], [ 47.515690227334908, -21.353986416989539 ], [ 47.515906081712963, -21.352835085121704 ], [ 47.516465359301556, -21.35163633649907 ], [ 47.516928435511531, -21.350829426988344 ], [ 47.517722910096936, -21.349502651778515 ], [ 47.517757170669533, -21.349445435111395 ], [ 47.5182202360877, -21.348638522902633 ], [ 47.518852218467707, -21.347255822452141 ], [ 47.519216875570969, -21.346425844431533 ], [ 47.519848970366276, -21.34501999543156 ], [ 47.520310496145015, -21.3438907491145 ], [ 47.520598477050548, -21.342440308130293 ], [ 47.520321362653128, -21.340923026833636 ], [ 47.519557474010483, -21.3404199937453 ], [ 47.518843212656314, -21.339985500688066 ], [ 47.518151291361093, -21.339113922727574 ], [ 47.518025317026776, -21.338424346864691 ], [ 47.517922022695139, -21.337343413926646 ], [ 47.517916725688231, -21.336192964293677 ], [ 47.517740318272899, -21.335204528426559 ], [ 47.516678878139345, -21.334104480398313 ], [ 47.516380688129765, -21.333346597428733 ], [ 47.516278099765955, -21.332357673229861 ], [ 47.516298723019055, -21.331529390431232 ], [ 47.516296001670447, -21.330923116970791 ], [ 47.517105602852489, -21.325943277625466 ], [ 47.518846483489561, -21.323446276691005 ], [ 47.522169707777238, -21.323278763571125 ], [ 47.527391865853986, -21.325939832323332 ], [ 47.53083920108071, -21.326882857823215 ], [ 47.533892228556155, -21.325401592576032 ], [ 47.532866013967741, -21.322435124849235 ], [ 47.534460710705567, -21.319688873212645 ], [ 47.536414157799598, -21.319247844782211 ], [ 47.536534873797855, -21.31922059082768 ], [ 47.535561771370922, -21.317508041533838 ], [ 47.533154118079906, -21.314322811920761 ], [ 47.53121704044554, -21.31031548774417 ], [ 47.52960176991683, -21.306827134441104 ], [ 47.527986017351559, -21.30326431457463 ], [ 47.526373148012674, -21.300073694425251 ], [ 47.525163121890621, -21.297624880964541 ], [ 47.52382999926494, -21.295930005147532 ], [ 47.522343794040381, -21.292432045286343 ], [ 47.520497880681773, -21.289912916532835 ], [ 47.519215835051753, -21.288432351857281 ], [ 47.517293367803269, -21.286285926441103 ], [ 47.515051020696355, -21.283843769762019 ], [ 47.513928491414823, -21.282436563685103 ], [ 47.512566594980292, -21.28088200998614 ], [ 47.511950000899546, -21.279470004227356 ], [ 47.512542299795015, -21.277606395809688 ], [ 47.512451282108543, -21.27604355126082 ], [ 47.511960933058056, -21.27418550874712 ], [ 47.511607108288679, -21.272289350267226 ], [ 47.510738371285811, -21.269383196472827 ], [ 47.510158907514366, -21.267401638371471 ], [ 47.510144229679199, -21.265416409237488 ], [ 47.510629999381564, -21.263780005541303 ], [ 47.514914304858138, -21.261282358893865 ], [ 47.517862511852435, -21.259013074395384 ], [ 47.522084243400442, -21.257132457999269 ], [ 47.526570757841796, -21.255785457936252 ], [ 47.52733824557113, -21.25397504441754 ], [ 47.527776544559345, -21.251994619462 ], [ 47.527945582929846, -21.251441643423199 ], [ 47.528491556847314, -21.249655583545536 ], [ 47.529342545729229, -21.248025260165726 ], [ 47.530203655581658, -21.247063266165487 ], [ 47.530540138723765, -21.245964168720665 ], [ 47.530551295712982, -21.244764474011173 ], [ 47.530460203382859, -21.243500532634059 ], [ 47.530668973801255, -21.24231477471832 ], [ 47.531522804540934, -21.240269496052768 ], [ 47.532828544608741, -21.238387758201938 ], [ 47.534453431587728, -21.236952132649144 ], [ 47.535934563736411, -21.236538113557746 ], [ 47.537233459963673, -21.236870467912343 ], [ 47.538832563379671, -21.237765342810427 ], [ 47.540888724742743, -21.239376925218366 ], [ 47.54198861359172, -21.240617761213564 ], [ 47.543248023285827, -21.241136057595611 ], [ 47.544191083859801, -21.240792737807432 ], [ 47.544655161015143, -21.239779700985821 ], [ 47.544503995770974, -21.238311253775581 ], [ 47.544790222099259, -21.237191014168822 ], [ 47.545520606498918, -21.236557815905698 ], [ 47.545811435557411, -21.235529563454374 ], [ 47.545448488964631, -21.234716250770568 ], [ 47.544618063081096, -21.234385909998082 ], [ 47.543872686083439, -21.233797570817778 ], [ 47.543938077588074, -21.233171639976135 ], [ 47.543625578465409, -21.232378872304491 ], [ 47.543572438424988, -21.23136703248041 ], [ 47.54397515663581, -21.230126336779605 ], [ 47.544373004118405, -21.229631820271102 ], [ 47.544900276634124, -21.228976426739948 ], [ 47.545615145030617, -21.228271094754913 ], [ 47.545994675121733, -21.226532525376417 ], [ 47.545930000376565, -21.22305000417682 ], [ 47.545387811705275, -21.220977688293235 ], [ 47.545141159144208, -21.218363170249081 ], [ 47.544472778502787, -21.21755888945648 ], [ 47.543710710987227, -21.216187089688507 ], [ 47.542822351676755, -21.214752333780023 ], [ 47.542432349879498, -21.213894023517572 ], [ 47.542352401048866, -21.212837192410277 ], [ 47.542164231400456, -21.21160043034406 ], [ 47.541853953603322, -21.21085392919429 ], [ 47.541240347070428, -21.209959846598945 ], [ 47.540332282714651, -21.208617784712931 ], [ 47.53908599412906, -21.20740723968289 ], [ 47.538120047607727, -21.206367573935399 ], [ 47.537183396502002, -21.205419158798584 ], [ 47.535895030436564, -21.204810093842504 ], [ 47.5348313608837, -21.204259372404078 ], [ 47.533686925016589, -21.203574255379845 ], [ 47.532670165001008, -21.202975223260463 ], [ 47.531550117848397, -21.202288800420614 ], [ 47.529825924131593, -21.20135343444672 ], [ 47.528648901330122, -21.201175447821953 ], [ 47.527575716050784, -21.200875394417331 ], [ 47.526652730143496, -21.200534831051133 ], [ 47.52468061492236, -21.200010326648908 ], [ 47.522629836901153, -21.199713257194766 ], [ 47.520468455758134, -21.198909930582801 ], [ 47.518840127972815, -21.198346981961908 ], [ 47.517682746364763, -21.197565297535029 ], [ 47.516852295300147, -21.196423561433374 ], [ 47.51638475485548, -21.195473095842313 ], [ 47.516424994121046, -21.194808936619125 ], [ 47.51684558186092, -21.193603170586485 ], [ 47.516929982335547, -21.192114496724077 ], [ 47.516889838397958, -21.190715264036434 ], [ 47.516927936377733, -21.18911059561659 ], [ 47.517099998268627, -21.185000004987536 ], [ 47.520185958917303, -21.182885108003962 ], [ 47.525274954378354, -21.17939723044255 ], [ 47.534079796548589, -21.173807675931805 ], [ 47.534486595882996, -21.174864040290995 ], [ 47.534782602338602, -21.175810511093463 ], [ 47.53534164610361, -21.17703807669248 ], [ 47.535663931648713, -21.177916059624632 ], [ 47.535860538736564, -21.178929234042574 ], [ 47.535933909026475, -21.179962414778732 ], [ 47.535956929872214, -21.181063673294425 ], [ 47.536272143148786, -21.182239776088704 ], [ 47.536552478917748, -21.182819393643701 ], [ 47.537069345378079, -21.182715487773226 ], [ 47.537849878672986, -21.18181553350432 ], [ 47.538752478747988, -21.180940733272948 ], [ 47.539502254329719, -21.180314774552304 ], [ 47.540251296963881, -21.179711965280465 ], [ 47.541440566732938, -21.179141794204273 ], [ 47.542154960287441, -21.178973897972998 ], [ 47.542740498079894, -21.179078396496759 ], [ 47.543200352019049, -21.179317525329392 ], [ 47.543895528860048, -21.179951389090871 ], [ 47.544321918126606, -21.180579699538733 ], [ 47.544837905049953, -21.181554036734138 ], [ 47.545129664906931, -21.182683984522409 ], [ 47.545745805729247, -21.18356845336519 ], [ 47.546094565516768, -21.184355346665249 ], [ 47.546546946089741, -21.184915732218339 ], [ 47.547265259789043, -21.185618862663063 ], [ 47.548055021027707, -21.186415787900664 ], [ 47.548711292297646, -21.186636084929624 ], [ 47.549535678334337, -21.186998083636787 ], [ 47.550127183128588, -21.187882132496057 ], [ 47.550590998581406, -21.188992283508096 ], [ 47.550929873920325, -21.190215046727481 ], [ 47.551392128150091, -21.191394642488664 ], [ 47.551845739895015, -21.192940107638897 ], [ 47.552210602943155, -21.194094948661366 ], [ 47.552753812344811, -21.194955033286156 ], [ 47.553256167344621, -21.195469899653919 ], [ 47.553714507724742, -21.195777878783733 ], [ 47.554422332631049, -21.195884899006547 ], [ 47.555037369085838, -21.195783663223221 ], [ 47.555520878792073, -21.195014343575238 ], [ 47.555848428069027, -21.194631646971271 ], [ 47.556240795083234, -21.194617151698587 ], [ 47.556595531765019, -21.195152194356389 ], [ 47.55721294692669, -21.195990876015838 ], [ 47.557384878416208, -21.196196334231082 ], [ 47.557517819798342, -21.196733998412682 ], [ 47.557785929284115, -21.197078812874047 ], [ 47.558250617079253, -21.197309958424889 ], [ 47.558789194972348, -21.197403424065783 ], [ 47.559546951137996, -21.197818882072617 ], [ 47.560133248857525, -21.198325254343612 ], [ 47.560547859703156, -21.198854237369524 ], [ 47.560888826865202, -21.199474042029447 ], [ 47.561083486920801, -21.199933379757514 ], [ 47.561424732872524, -21.200392855081812 ], [ 47.561602514452019, -21.201318605504319 ], [ 47.5616243643804, -21.201732820648065 ], [ 47.562042645359412, -21.202658637620456 ], [ 47.562668345075856, -21.203782887304268 ], [ 47.563005839955359, -21.20457432577798 ], [ 47.56343650549821, -21.205269160876181 ], [ 47.564055495372855, -21.205793925182324 ], [ 47.564541525878845, -21.206601850927061 ], [ 47.565824727137702, -21.207579928402954 ], [ 47.566683264929061, -21.207978859568509 ], [ 47.567197874091093, -21.208393108886426 ], [ 47.568109705706981, -21.209803859191638 ], [ 47.568517115680997, -21.210522547907811 ], [ 47.569453242481991, -21.210986982993223 ], [ 47.570782347836001, -21.211432358746567 ], [ 47.571918849884042, -21.211495166498938 ], [ 47.572611985264103, -21.212075793992639 ], [ 47.57408398749542, -21.213308851751417 ], [ 47.574656146073842, -21.214343655763962 ], [ 47.575328885729121, -21.214957763218802 ], [ 47.576412500446246, -21.215414937177908 ], [ 47.577381532541544, -21.216038858934208 ], [ 47.578414729466239, -21.21647547798883 ], [ 47.579099057785392, -21.216836020693599 ], [ 47.579828579735342, -21.217124554682101 ], [ 47.580493476403085, -21.217117156858958 ], [ 47.58237001977097, -21.216730520325278 ], [ 47.584150922937276, -21.216394201759254 ], [ 47.586141723372521, -21.215840768865053 ], [ 47.587738440887101, -21.2152827044623 ], [ 47.589409650146123, -21.214743866665557 ], [ 47.590919994073509, -21.21442008195093 ], [ 47.592168620896274, -21.214270280978585 ], [ 47.592500500408946, -21.214024102360433 ], [ 47.593536980758273, -21.213122700183025 ], [ 47.594413394373852, -21.212459505033085 ], [ 47.595523313361589, -21.212015968393512 ], [ 47.596522222733768, -21.211808604514911 ], [ 47.597367701469679, -21.21195343223652 ], [ 47.598196711820378, -21.212260954510715 ], [ 47.599448619370058, -21.212641159992689 ], [ 47.600710426656768, -21.213205320000437 ], [ 47.601509885284983, -21.213882787391345 ], [ 47.602659861875239, -21.214198763292774 ], [ 47.604162807080215, -21.214197819004742 ], [ 47.605459066495058, -21.21402218770459 ], [ 47.606992723547847, -21.214135599409158 ], [ 47.607352591761263, -21.214418712284406 ], [ 47.608261688538782, -21.214837391662769 ], [ 47.609008584491363, -21.215448579018933 ], [ 47.609605259488063, -21.216020176419907 ], [ 47.610234049274901, -21.216729287356277 ], [ 47.61052137907145, -21.217499513520941 ], [ 47.610892044545324, -21.218450923400045 ], [ 47.611454600163128, -21.221630235473953 ], [ 47.611992546732154, -21.222942876039181 ], [ 47.612101225304855, -21.224067177883732 ], [ 47.611912837121459, -21.225160272353808 ], [ 47.611091319922117, -21.22639727543838 ], [ 47.610455607154179, -21.227418447527153 ], [ 47.610044929943221, -21.228498432579762 ], [ 47.610094646264649, -21.229441380737846 ], [ 47.610707429018468, -21.230773249707742 ], [ 47.61175021181689, -21.231854822963253 ], [ 47.612854652134644, -21.232702809008508 ], [ 47.613476394834109, -21.233273641985814 ], [ 47.614069596648967, -21.233776370203959 ], [ 47.614918583640211, -21.23445171789275 ], [ 47.615928712055016, -21.234911967533378 ], [ 47.616384572104963, -21.235144132016121 ], [ 47.616922691343888, -21.235534338858521 ], [ 47.617510605145206, -21.236236927012055 ], [ 47.617290779360864, -21.236900656359353 ], [ 47.617557272764898, -21.23728037081138 ], [ 47.617684828107308, -21.237827600182229 ], [ 47.617518852827764, -21.238411916694965 ], [ 47.616900567122435, -21.238832915424709 ], [ 47.616525371763458, -21.239196298188471 ], [ 47.616140673268362, -21.239836923052994 ], [ 47.616183299334821, -21.240641607641127 ], [ 47.616392024787181, -21.241323745211378 ], [ 47.616492427798363, -21.241826572354849 ], [ 47.616627425930126, -21.242512054503734 ], [ 47.616728125717607, -21.243014313275761 ], [ 47.616806329863458, -21.243564153378433 ], [ 47.616723698355294, -21.24432908253624 ], [ 47.616407765621098, -21.2448743819619 ], [ 47.615890043006345, -21.245336436541812 ], [ 47.615167566345313, -21.245646960752943 ], [ 47.614115053781838, -21.246248851816905 ], [ 47.613839637304565, -21.246630715648717 ], [ 47.613343011885618, -21.247022615914485 ], [ 47.612499607885688, -21.24738479358653 ], [ 47.611701985673058, -21.247675514726225 ], [ 47.610971755057406, -21.247847773568729 ], [ 47.610325167687222, -21.248200646855022 ], [ 47.610272133766905, -21.249056249258675 ], [ 47.610479464370769, -21.249715823738072 ], [ 47.610560427636678, -21.250311370984484 ], [ 47.610594511942317, -21.250955230710449 ], [ 47.610371705804688, -21.251403895284412 ], [ 47.609768213946943, -21.252100812313177 ], [ 47.609458186161447, -21.2522994509693 ], [ 47.608863114656103, -21.252695985441523 ], [ 47.608284196773269, -21.252930391933983 ], [ 47.60772609459854, -21.253094649508331 ], [ 47.607064918426168, -21.253171569422161 ], [ 47.606892759408197, -21.253179557200593 ], [ 47.606412258833537, -21.25340931329875 ], [ 47.605652579917397, -21.253029670792422 ], [ 47.605065361292041, -21.252642036910366 ], [ 47.604287344300069, -21.252378240573425 ], [ 47.603666714961498, -21.252291720396634 ], [ 47.603053510425674, -21.252343449400676 ], [ 47.602440080160051, -21.252856380427279 ], [ 47.602085700509186, -21.253610231736126 ], [ 47.601961056272245, -21.25451544973695 ], [ 47.601414854826231, -21.255832331504937 ], [ 47.60101876461885, -21.256265830811177 ], [ 47.600615545485546, -21.256561074641436 ], [ 47.600304411533855, -21.256737125925113 ], [ 47.599859488139337, -21.256711456575861 ], [ 47.599554925533859, -21.256541415461513 ], [ 47.599168898740061, -21.256236464349016 ], [ 47.598813887765012, -21.256045323340764 ], [ 47.598394731745742, -21.256041485933544 ], [ 47.597998872664093, -21.256013773324696 ], [ 47.597258987826187, -21.256002015588276 ], [ 47.596713471663499, -21.255935268805267 ], [ 47.5951673248261, -21.25559156050992 ], [ 47.594400539467138, -21.255074176939775 ], [ 47.592626323659594, -21.254141558394668 ], [ 47.591273451022381, -21.253259051872625 ], [ 47.589357551523044, -21.252909393662506 ], [ 47.588230146117553, -21.252906350356653 ], [ 47.587952633320505, -21.252905601221414 ], [ 47.586362136416419, -21.253117599306336 ], [ 47.585406785707519, -21.253692118604672 ], [ 47.584790810360488, -21.254158720156809 ], [ 47.584575053109177, -21.255206821544927 ], [ 47.585201155721819, -21.256330382348157 ], [ 47.585737643590569, -21.257619961598134 ], [ 47.585986553449949, -21.258599924952183 ], [ 47.586033980996781, -21.259497169563804 ], [ 47.585520497786113, -21.260973538002681 ], [ 47.585683901904076, -21.263595125617407 ], [ 47.586162287273503, -21.265187115395179 ], [ 47.586752552801947, -21.267027277587921 ], [ 47.587421499116971, -21.268495439713117 ], [ 47.587932282562946, -21.26976260426051 ], [ 47.588182501835249, -21.270404851502128 ], [ 47.588302966023328, -21.270714049213232 ], [ 47.588326851117579, -21.272096365653287 ], [ 47.588262158386314, -21.273206639872438 ], [ 47.587928526994311, -21.27435152450051 ], [ 47.587540586443374, -21.27540759388198 ], [ 47.58709289763361, -21.276258032378436 ], [ 47.58650334077096, -21.276666750865818 ], [ 47.586308215766017, -21.276802022391252 ], [ 47.585162726792703, -21.276578520178468 ], [ 47.584430122866117, -21.276243199859792 ], [ 47.583745790050251, -21.275422064872821 ], [ 47.583500769758778, -21.275137260372805 ], [ 47.583325771581123, -21.274933849913928 ], [ 47.582848885381729, -21.27480518390885 ], [ 47.582450620613592, -21.27469772931353 ], [ 47.581047961508055, -21.274739606244491 ], [ 47.579704248465951, -21.274963399837546 ], [ 47.57984999979147, -21.276450004359894 ], [ 47.580075909489551, -21.277888038297192 ], [ 47.580429999558874, -21.279500004715512 ], [ 47.580148578308297, -21.27998694263707 ], [ 47.579674561845607, -21.280807122543958 ], [ 47.578622724673018, -21.281941140663744 ], [ 47.577854246790082, -21.283139476497627 ], [ 47.577160628474282, -21.284867532801389 ], [ 47.577313501531073, -21.286324634164785 ], [ 47.577115915981047, -21.288181831315558 ], [ 47.57635155699306, -21.289910372353972 ], [ 47.575664214146471, -21.291798970233469 ], [ 47.575179735870478, -21.292469932827899 ], [ 47.574630670083678, -21.293230339295043 ], [ 47.574254936030883, -21.294516054158141 ], [ 47.574155579830624, -21.295904300727724 ], [ 47.574539380802385, -21.297569781304375 ], [ 47.574787421017469, -21.299562706836355 ], [ 47.575362408863022, -21.30059332990059 ], [ 47.576086366707493, -21.301594962419415 ], [ 47.576809235472894, -21.302456789930371 ], [ 47.577889708858294, -21.303260222662168 ], [ 47.578852384545335, -21.304260190535977 ], [ 47.57987612599797, -21.304700553468123 ], [ 47.581199999995746, -21.305270004187552 ], [ 47.582143870858729, -21.305439763814231 ], [ 47.583010677017057, -21.305629485692283 ], [ 47.583669069787746, -21.305876571726397 ], [ 47.584239722900932, -21.306347956772537 ], [ 47.584124574605447, -21.306880025372291 ], [ 47.583560769829674, -21.307275399719177 ], [ 47.582817495447038, -21.307616095285535 ], [ 47.581954288375663, -21.30820242538022 ], [ 47.580704139000687, -21.308273852235036 ], [ 47.579782270051545, -21.308671693422163 ], [ 47.57931169979085, -21.309541756924325 ], [ 47.57961205536791, -21.309791335879051 ], [ 47.580031102569265, -21.309956204992456 ], [ 47.58075006737765, -21.31031472871917 ], [ 47.581588607844061, -21.310700381394756 ], [ 47.582456326814174, -21.311001945660379 ], [ 47.583444283343219, -21.311414513246188 ], [ 47.584423863586842, -21.311802415126149 ], [ 47.584766315529521, -21.312430242638047 ], [ 47.585230355812932, -21.313746262855581 ], [ 47.585889935688662, -21.315029872405841 ], [ 47.586496890835654, -21.31624723249832 ], [ 47.587336108491606, -21.317199914918252 ], [ 47.58833772212531, -21.318421854358579 ], [ 47.589454779931458, -21.319499600998693 ], [ 47.590221648028077, -21.320478737875916 ], [ 47.590788033858253, -21.321397738886578 ], [ 47.591521471456431, -21.322677980475831 ], [ 47.592144385972425, -21.323733189206088 ], [ 47.592418173777659, -21.324711810771749 ], [ 47.592443712725093, -21.325194843837036 ], [ 47.592249016696734, -21.325711592485764 ], [ 47.591754043332394, -21.326362174644043 ], [ 47.590781529961532, -21.326863272391172 ], [ 47.589314219493431, -21.327092547352034 ], [ 47.58793716588518, -21.327156347955835 ], [ 47.58665936235721, -21.327238637721543 ], [ 47.585899121364868, -21.327781335408542 ], [ 47.584826228365237, -21.328937561386887 ], [ 47.583195177432877, -21.329797342940019 ], [ 47.582058064745297, -21.331141413012006 ], [ 47.581036678617245, -21.332341853259472 ], [ 47.580550124705915, -21.333863169814098 ], [ 47.580602245814497, -21.335313012749232 ], [ 47.580708736336625, -21.335764514684239 ], [ 47.580951972373178, -21.336795786159747 ], [ 47.581235310079194, -21.337958949508401 ], [ 47.581392219293242, -21.339058072134222 ], [ 47.581055666903339, -21.340157795507135 ], [ 47.580293170411295, -21.340654199692576 ], [ 47.579304074441225, -21.341069187353796 ], [ 47.578652609148328, -21.342274956983644 ], [ 47.578429337161992, -21.343645980636765 ], [ 47.578652056964799, -21.345526479221878 ], [ 47.578698145421043, -21.346861766514877 ], [ 47.5790604957634, -21.347651812838027 ], [ 47.579365794913755, -21.34922860047585 ], [ 47.579414340317868, -21.350148960362066 ], [ 47.579260459121194, -21.350501710441247 ], [ 47.578632039855016, -21.350738639532022 ], [ 47.578017846964329, -21.351251506706827 ], [ 47.577643124648802, -21.352559788258063 ], [ 47.577148266397714, -21.353459072532065 ], [ 47.576310519133401, -21.353936226729079 ], [ 47.576054820292072, -21.355630925379511 ], [ 47.576418567281486, -21.356444110359696 ], [ 47.577062379343857, -21.35742921963449 ], [ 47.577761623818489, -21.358526842191225 ], [ 47.57789165139728, -21.359120356969743 ], [ 47.577619240454354, -21.360032213765972 ], [ 47.577546282054016, -21.360981074966453 ], [ 47.577678229685461, -21.362542688343336 ], [ 47.577916069789765, -21.363776725463886 ], [ 47.578288056367761, -21.364751288389108 ], [ 47.578430455919978, -21.36557446663565 ], [ 47.578282322290562, -21.366504091337596 ], [ 47.57773199745295, -21.367290297555574 ], [ 47.576910904733623, -21.368550297204195 ], [ 47.57684787664742, -21.368639811223975 ], [ 47.576493983529659, -21.369142421630762 ], [ 47.575534514825186, -21.370505081588792 ], [ 47.575052756099069, -21.372118357419936 ], [ 47.574821734654698, -21.373812314129712 ], [ 47.574898248974385, -21.375261410627544 ], [ 47.574867783540924, -21.377015507700506 ] ] ] } },
{ "type": "Feature", "properties": { "fid": 18, "csb_secto": "CSB2 MAROHARATRA" }, "geometry": { "type": "Polygon", "coordinates": [ [ [ 47.782477729372069, -20.849390982443108 ], [ 47.778349232339195, -20.848811465611952 ], [ 47.773332011770215, -20.846439061250027 ], [ 47.770667813375951, -20.847808856429094 ], [ 47.769457530947186, -20.846836584076968 ], [ 47.765782731993973, -20.845942774875407 ], [ 47.763809397292164, -20.846152886182725 ], [ 47.758935567328436, -20.846653615207646 ], [ 47.75721616699812, -20.845894636863786 ], [ 47.756719555068941, -20.845349747528882 ], [ 47.756367854498336, -20.844688007481924 ], [ 47.753210163923001, -20.844062600944856 ], [ 47.750509851453316, -20.844649633409876 ], [ 47.749135374402741, -20.844115990097169 ], [ 47.747336390366534, -20.842967423644456 ], [ 47.745569039983465, -20.842278131067939 ], [ 47.745433364662198, -20.841383244478681 ], [ 47.745458642806128, -20.839797259474334 ], [ 47.744038857011454, -20.837908455649991 ], [ 47.741971584524542, -20.836763572820431 ], [ 47.739900632911215, -20.836997303022677 ], [ 47.739086473065512, -20.836387034773693 ], [ 47.739508478136997, -20.835255859410786 ], [ 47.740661805601064, -20.834045711881235 ], [ 47.741173888567367, -20.83236116028143 ], [ 47.739915270276498, -20.830982888092553 ], [ 47.739784418918831, -20.830839596413064 ], [ 47.736530145652218, -20.828652509049853 ], [ 47.735641603779378, -20.827974474186803 ], [ 47.73489776462231, -20.825548070032728 ], [ 47.734856054965, -20.822791147040583 ], [ 47.735202410864481, -20.819844410439607 ], [ 47.734318097603868, -20.819442395498687 ], [ 47.732847811279115, -20.820656600769333 ], [ 47.730383992628681, -20.822320360043367 ], [ 47.727912443405799, -20.82189249948615 ], [ 47.726369115043703, -20.821453081741367 ], [ 47.725512783289297, -20.821303164756365 ], [ 47.724899819771764, -20.821103984708341 ], [ 47.722073652577549, -20.819785030902164 ], [ 47.719472985889787, -20.81885331167906 ], [ 47.717195076891201, -20.818239232103092 ], [ 47.714594461464763, -20.815675316212367 ], [ 47.713007694049175, -20.815626768110238 ], [ 47.712631415906507, -20.816574075282222 ], [ 47.713191951646799, -20.818175472867846 ], [ 47.710935877288257, -20.819078097223848 ], [ 47.708118214083392, -20.819964551769523 ], [ 47.703610548486608, -20.820389849258536 ], [ 47.701375019140166, -20.819384009711044 ], [ 47.699945320118559, -20.818234432420418 ], [ 47.699249998486486, -20.813920005953079 ], [ 47.700166610898101, -20.809988820179623 ], [ 47.701628628855609, -20.803711970486148 ], [ 47.701965991534543, -20.800027843767065 ], [ 47.702169999143294, -20.797800004524849 ], [ 47.705022062315642, -20.794833253511769 ], [ 47.706615082717249, -20.793363182125987 ], [ 47.706381845343181, -20.791539135784252 ], [ 47.703007549455634, -20.789131466306969 ], [ 47.701266825300259, -20.788156927663376 ], [ 47.699927358856996, -20.789077457521397 ], [ 47.699148541468318, -20.787904970901032 ], [ 47.699223922642155, -20.786434867139508 ], [ 47.699788311977194, -20.784574427932597 ], [ 47.697494883378063, -20.783974277056505 ], [ 47.697083144966918, -20.782182006460609 ], [ 47.698379108504845, -20.780368119760148 ], [ 47.69923488537755, -20.779473190902838 ], [ 47.699962616776943, -20.774888101774749 ], [ 47.700433422659955, -20.774550408145302 ], [ 47.70081480895184, -20.772471519116877 ], [ 47.700871506710229, -20.772162465297278 ], [ 47.700699642669832, -20.769694339795034 ], [ 47.700917388322061, -20.767302376078106 ], [ 47.701639230961085, -20.766623524630642 ], [ 47.703468805436579, -20.7680603624698 ], [ 47.704763149295651, -20.768082966929509 ], [ 47.704565185130797, -20.765729645282228 ], [ 47.705084173091656, -20.762905251552933 ], [ 47.706914511990782, -20.761785152240513 ], [ 47.709175752954508, -20.762376972696536 ], [ 47.712368761705143, -20.762777219570356 ], [ 47.713754806735146, -20.759368807903321 ], [ 47.71470828505533, -20.755561079261717 ], [ 47.715503691338192, -20.752372718209344 ], [ 47.716070866772881, -20.749595361721067 ], [ 47.71706492160471, -20.748759731461458 ], [ 47.718416929993445, -20.749589137513293 ], [ 47.719415844761528, -20.74847795318022 ], [ 47.718972699326692, -20.747387145686051 ], [ 47.719870512310422, -20.746458505741803 ], [ 47.72104354212204, -20.747699665492924 ], [ 47.722449642933107, -20.748253693738565 ], [ 47.724012983908636, -20.747036633120423 ], [ 47.725501254875624, -20.745887306740826 ], [ 47.726835330782698, -20.74637070672955 ], [ 47.728968088303702, -20.747259647001531 ], [ 47.730747227899457, -20.746230596851571 ], [ 47.731237042752483, -20.744902447477738 ], [ 47.730523913644745, -20.74390008920604 ], [ 47.729225566003876, -20.742818014128868 ], [ 47.726947662401145, -20.740590461770207 ], [ 47.726281983323204, -20.739657729011277 ], [ 47.724208619728131, -20.739460454626549 ], [ 47.72254178387206, -20.738510372146724 ], [ 47.720675949630937, -20.736451265505146 ], [ 47.719370232045961, -20.735760406309666 ], [ 47.71753443336258, -20.734692410119063 ], [ 47.716903102990749, -20.731986083884482 ], [ 47.716311286131656, -20.72976441668942 ], [ 47.715033096794528, -20.728912977247393 ], [ 47.713896043462, -20.727073614551916 ], [ 47.715743067483082, -20.726445331983179 ], [ 47.716281798260901, -20.726262075331324 ], [ 47.716902176688535, -20.72325509404579 ], [ 47.715960943536842, -20.720151913180256 ], [ 47.717643196470547, -20.717831432076242 ], [ 47.71968135160742, -20.716023165239264 ], [ 47.720009070856143, -20.714255319330881 ], [ 47.721621129006223, -20.713015907861926 ], [ 47.722413925456564, -20.711186430514477 ], [ 47.722852442980049, -20.70942094532645 ], [ 47.723103307965509, -20.708410949112608 ], [ 47.723590759400182, -20.705954258490205 ], [ 47.72292991957395, -20.702234188566763 ], [ 47.721500758346899, -20.700389699735567 ], [ 47.719770376395211, -20.70017566018932 ], [ 47.719065855597968, -20.698735055090211 ], [ 47.719979627950678, -20.696953798491446 ], [ 47.719591339361898, -20.695588179763885 ], [ 47.72046917300694, -20.691893864625289 ], [ 47.723204907073843, -20.688116791174302 ], [ 47.725892723463545, -20.68429317960598 ], [ 47.726060992014276, -20.683853949819653 ], [ 47.727462258969126, -20.680196195719557 ], [ 47.728613295859802, -20.6762767892662 ], [ 47.729338996590222, -20.672856824008896 ], [ 47.729923269935746, -20.670447934151731 ], [ 47.731030491856572, -20.670006030680991 ], [ 47.733259180959557, -20.670942835570262 ], [ 47.733985105621294, -20.670034060750673 ], [ 47.733393123287094, -20.669056164937938 ], [ 47.732758240593164, -20.666557071280966 ], [ 47.733221902261739, -20.665037033562204 ], [ 47.733722948747882, -20.663394428141181 ], [ 47.73569714949668, -20.6610789400732 ], [ 47.73693131252297, -20.660409090839522 ], [ 47.738198133530062, -20.659278860664148 ], [ 47.739178214695755, -20.656599914289327 ], [ 47.740706277066032, -20.654598822013856 ], [ 47.741891375779424, -20.653951331724901 ], [ 47.742132087418987, -20.65284972697015 ], [ 47.742748186872369, -20.651316770490293 ], [ 47.744990696756481, -20.650249118740259 ], [ 47.74651293511716, -20.648810854576496 ], [ 47.746930323069201, -20.648416486571001 ], [ 47.74881219492022, -20.645799523270259 ], [ 47.75046822991829, -20.643500983825597 ], [ 47.751517787309382, -20.640984609695568 ], [ 47.752341560008155, -20.636276028362136 ], [ 47.752138390567382, -20.634502717273641 ], [ 47.751902619803005, -20.632444803133296 ], [ 47.751004436298444, -20.630931810703313 ], [ 47.74785050668779, -20.628620139357842 ], [ 47.74632847607031, -20.626520740390756 ], [ 47.748274649447609, -20.624365680583882 ], [ 47.749207821975432, -20.621571298130569 ], [ 47.749221859492906, -20.615788820154666 ], [ 47.747558642508729, -20.613433608132336 ], [ 47.747249192087772, -20.611746742576827 ], [ 47.746965339070265, -20.610037099891901 ], [ 47.746482163911672, -20.608508498828535 ], [ 47.747447972836689, -20.606520648170886 ], [ 47.74728472789878, -20.605697142570975 ], [ 47.746847660981459, -20.603492289100917 ], [ 47.745705200025313, -20.599464204974158 ], [ 47.744911088765974, -20.597607666126912 ], [ 47.743364637957569, -20.595554117295691 ], [ 47.742810821052217, -20.592618529589966 ], [ 47.741786235136026, -20.590090163000379 ], [ 47.739745169792769, -20.587106482249585 ], [ 47.738428259245559, -20.584526650157297 ], [ 47.737755832554235, -20.582717698936079 ], [ 47.736315796725037, -20.581449165620484 ], [ 47.735678793429685, -20.577798267951611 ], [ 47.736993627442025, -20.575470785625399 ], [ 47.738616074560404, -20.574853932540581 ], [ 47.741346005302432, -20.575038906897703 ], [ 47.744410048573812, -20.576865381409078 ], [ 47.745577650077671, -20.578313750355473 ], [ 47.746968322119642, -20.577093341561387 ], [ 47.749324594443806, -20.573885624400688 ], [ 47.749194541683941, -20.570520008771823 ], [ 47.751250087910535, -20.568965384026683 ], [ 47.755292604359838, -20.566892031224913 ], [ 47.756757457880006, -20.565604369329648 ], [ 47.756380721982261, -20.563616523168385 ], [ 47.755688647802145, -20.56155428958429 ], [ 47.756679564000109, -20.560787953886916 ], [ 47.759123099341195, -20.560599402926275 ], [ 47.759698406445835, -20.558628016157229 ], [ 47.759873779640763, -20.557133361803263 ], [ 47.760710118566656, -20.556311725893909 ], [ 47.761090953574332, -20.55675258075533 ], [ 47.761659495079364, -20.557689961210599 ], [ 47.762443476375239, -20.558028366203814 ], [ 47.763442482874197, -20.557789815635367 ], [ 47.765049687383197, -20.557247378751796 ], [ 47.765788885139131, -20.558091409578751 ], [ 47.766405818264282, -20.558936939575553 ], [ 47.767971221385302, -20.55931393177983 ], [ 47.768999777808219, -20.559719308386526 ], [ 47.770130014279559, -20.56058290036728 ], [ 47.771527404257348, -20.56135240077904 ], [ 47.772921813881823, -20.561708079050923 ], [ 47.774900649736601, -20.56185203802751 ], [ 47.777095866072997, -20.561580468850138 ], [ 47.778269102728693, -20.561800056314095 ], [ 47.779226772789244, -20.562458848383415 ], [ 47.779988836707467, -20.563095437990043 ], [ 47.781116553278501, -20.563729754110543 ], [ 47.782018861973206, -20.563607022731741 ], [ 47.78265745167247, -20.564037922098045 ], [ 47.783006159299319, -20.56490861332702 ], [ 47.783621801897205, -20.565593179966157 ], [ 47.78472436083333, -20.566089346730635 ], [ 47.785626875472715, -20.565989177543191 ], [ 47.786455256297977, -20.565775536396817 ], [ 47.787507454998099, -20.566064877077185 ], [ 47.787688990347689, -20.567350690865855 ], [ 47.788124401613146, -20.56989860511942 ], [ 47.788699613389909, -20.571571468230683 ], [ 47.788520772409228, -20.573595724344152 ], [ 47.788865898935676, -20.574052595231816 ], [ 47.788806722645838, -20.575777260192243 ], [ 47.788427805892269, -20.57720575591993 ], [ 47.787827463460424, -20.578475075242835 ], [ 47.787443280276946, -20.579237417950399 ], [ 47.786816118262955, -20.58018513701186 ], [ 47.786221209534936, -20.58214431638341 ], [ 47.785965366802131, -20.583732752040319 ], [ 47.785245906467289, -20.585301648127164 ], [ 47.784933625879951, -20.585993983110075 ], [ 47.784766201792628, -20.586386533585735 ], [ 47.784771850434403, -20.587098979208214 ], [ 47.785243535854484, -20.588037575546767 ], [ 47.786082735524047, -20.589179379097693 ], [ 47.786649125850765, -20.589772284135982 ], [ 47.786848814015848, -20.590322312197003 ], [ 47.786396306638622, -20.591705080995993 ], [ 47.786181538641387, -20.5923735119989 ], [ 47.78613945036971, -20.593178915145312 ], [ 47.786761894540298, -20.594690500136238 ], [ 47.787748841130778, -20.595923162193309 ], [ 47.788514560793182, -20.59701979099918 ], [ 47.788942397968249, -20.598556028205991 ], [ 47.78895881958897, -20.600625041779058 ], [ 47.788503883142774, -20.601732323953758 ], [ 47.787853484445918, -20.60284112778135 ], [ 47.787572038913652, -20.604245709636601 ], [ 47.787806669337598, -20.606105823288953 ], [ 47.788159161311611, -20.607390282698585 ], [ 47.789370522926951, -20.609241634256325 ], [ 47.790458776347343, -20.610933035092913 ], [ 47.79086189925318, -20.612446868388918 ], [ 47.791113653668184, -20.613387158150996 ], [ 47.790561372805101, -20.614540934376151 ], [ 47.789349512965636, -20.615632116887571 ], [ 47.787553857320546, -20.617095948777084 ], [ 47.786150532716768, -20.618717041515428 ], [ 47.784824788129285, -20.620912247058477 ], [ 47.783984066807051, -20.622620397768106 ], [ 47.78341399825333, -20.624625656602607 ], [ 47.782867486541136, -20.626514993724893 ], [ 47.782684733509655, -20.628102845721752 ], [ 47.782651316501116, -20.629965039506086 ], [ 47.782494361421776, -20.631759318288019 ], [ 47.78267294789449, -20.632700184515482 ], [ 47.783046827545363, -20.633616384138037 ], [ 47.78356702959119, -20.634462565243943 ], [ 47.784355291659907, -20.635306088853273 ], [ 47.784818638565859, -20.635210451349653 ], [ 47.785549223514558, -20.634951262239586 ], [ 47.786425311575655, -20.634598345785868 ], [ 47.786819345033585, -20.634940216766296 ], [ 47.787048760288918, -20.636133038856734 ], [ 47.787130038317549, -20.637120953117012 ], [ 47.786795932083599, -20.638135258882073 ], [ 47.786485795480019, -20.639011623933861 ], [ 47.786666239052728, -20.640159097710161 ], [ 47.787312285930454, -20.64153270961209 ], [ 47.788058535270572, -20.64318160489157 ], [ 47.789508388099236, -20.644294863960681 ], [ 47.791149699396975, -20.644878745201638 ], [ 47.792553250630057, -20.646245262352064 ], [ 47.793639169410376, -20.647569095879483 ], [ 47.793870921104407, -20.649084244883607 ], [ 47.79417787410808, -20.650759701639732 ], [ 47.793699492336216, -20.652004923628386 ], [ 47.793344475066014, -20.653364347825736 ], [ 47.793770530684121, -20.654739651352465 ], [ 47.794683351554276, -20.655812474204382 ], [ 47.796035597363932, -20.656857555669266 ], [ 47.797435221257629, -20.657765066042213 ], [ 47.798656326127862, -20.657685432873727 ], [ 47.8005812359348, -20.657093830053981 ], [ 47.802193387614487, -20.657079395035915 ], [ 47.803516382974593, -20.657596787599342 ], [ 47.804181473895881, -20.658257133697106 ], [ 47.80458611755531, -20.659908637909826 ], [ 47.804472416269192, -20.660944368223952 ], [ 47.803797334779361, -20.662053416667177 ], [ 47.803634183370967, -20.662209580343099 ], [ 47.803429655953998, -20.662405346564633 ], [ 47.803021794520284, -20.662795735969301 ], [ 47.802440506024602, -20.663368996216764 ], [ 47.802198285322611, -20.663607870541227 ], [ 47.801424588673875, -20.664625671071704 ], [ 47.801430530494649, -20.665354057177488 ], [ 47.801430966665819, -20.665407529067668 ], [ 47.801414799553534, -20.666418772641066 ], [ 47.801057364905631, -20.667502156231873 ], [ 47.800213956409067, -20.6689117383176 ], [ 47.800104117711086, -20.670383834077388 ], [ 47.800722960996175, -20.671435788161357 ], [ 47.802023728712562, -20.672137402349144 ], [ 47.802513415862038, -20.67229386010338 ], [ 47.804279276068499, -20.673082667160845 ], [ 47.806074518925016, -20.674537958189109 ], [ 47.808331774093531, -20.675667197311757 ], [ 47.810051425334656, -20.676847542208147 ], [ 47.812260172870566, -20.67804598686012 ], [ 47.813044245897245, -20.67831523398808 ], [ 47.814449512137443, -20.678781087304458 ], [ 47.816215174493138, -20.678840343634061 ], [ 47.817835352622097, -20.681482451080054 ], [ 47.818647908976629, -20.682642864301997 ], [ 47.81944468312858, -20.683251270954404 ], [ 47.820489385080222, -20.683678724118671 ], [ 47.821652963017137, -20.684314661716876 ], [ 47.822180000809759, -20.685011595832737 ], [ 47.822502449132195, -20.68623463514389 ], [ 47.822479773626185, -20.687636584683421 ], [ 47.822727860605859, -20.688927965275553 ], [ 47.813819999296712, -20.697350005615597 ], [ 47.8149500001471, -20.723770006284223 ], [ 47.813079999348645, -20.753070005764027 ], [ 47.802070010528126, -20.763245653945717 ], [ 47.799449999423601, -20.769570005829554 ], [ 47.774145863144568, -20.778425370107197 ], [ 47.76750222854794, -20.780749605880374 ], [ 47.783699999760472, -20.790980005688986 ], [ 47.812399999468283, -20.783900005652285 ], [ 47.834149999732055, -20.770320006243171 ], [ 47.828360555604242, -20.776808130067256 ], [ 47.823882997511276, -20.782792700095744 ], [ 47.812880000021011, -20.805280005927806 ], [ 47.837469999952596, -20.812670005873681 ], [ 47.868979999742422, -20.811030005790254 ], [ 47.882491656980932, -20.810193061621767 ], [ 47.882245566496316, -20.810818621043474 ], [ 47.881738224755864, -20.813209645868103 ], [ 47.880960679008801, -20.814843114177087 ], [ 47.880157663562017, -20.815947283798266 ], [ 47.878597606910596, -20.817122172507673 ], [ 47.877305733489202, -20.818089314227343 ], [ 47.876453720279336, -20.819285894584553 ], [ 47.876309736121904, -20.820435318990263 ], [ 47.876312358545036, -20.821722380138524 ], [ 47.875852448848008, -20.823493157836776 ], [ 47.8743656977353, -20.824621673904353 ], [ 47.872388933918494, -20.825176226454523 ], [ 47.870460792847503, -20.825477449876985 ], [ 47.869071097469252, -20.826399066116032 ], [ 47.868145186966807, -20.827411635290169 ], [ 47.866755035632295, -20.828034046185312 ], [ 47.865704070801996, -20.827759996677575 ], [ 47.864677906575814, -20.827186542176541 ], [ 47.862870597515531, -20.827189179888006 ], [ 47.86089418533372, -20.827789894638787 ], [ 47.858868993024764, -20.828505025636787 ], [ 47.857381318308171, -20.829426239878799 ], [ 47.856358042704485, -20.830439559986949 ], [ 47.856676435983765, -20.830967562751734 ], [ 47.857434532093137, -20.83144901480885 ], [ 47.858657406829174, -20.832251763156709 ], [ 47.85929369336467, -20.833124294398651 ], [ 47.860126053689989, -20.834157773709723 ], [ 47.860861294428929, -20.835398101587899 ], [ 47.860986661720851, -20.836915031249703 ], [ 47.860574765928583, -20.838386187218038 ], [ 47.859966705514921, -20.839559781803068 ], [ 47.859406689582883, -20.840479511264469 ], [ 47.858822967521789, -20.841560884870429 ], [ 47.858045053052606, -20.843193704768215 ], [ 47.857657793288396, -20.844734649026513 ], [ 47.857854945365354, -20.845584859095151 ], [ 47.85817306794879, -20.845951970448112 ], [ 47.858557256528172, -20.845997523807679 ], [ 47.858692981312181, -20.84682600175919 ], [ 47.854588412540814, -20.845964568151185 ], [ 47.850695105310066, -20.845562765450115 ], [ 47.846773750922651, -20.84496048318076 ], [ 47.843388932967272, -20.843972908864018 ], [ 47.83814999983634, -20.841470005678655 ], [ 47.835134268145389, -20.842009701428523 ], [ 47.833519974280726, -20.842657545151141 ], [ 47.831511166720141, -20.844450970476366 ], [ 47.827606230356118, -20.845625155016513 ], [ 47.824247128514735, -20.847429481923623 ], [ 47.822234655317551, -20.848842047060526 ], [ 47.818923740950233, -20.852915457018103 ], [ 47.817561178118197, -20.854591776223884 ], [ 47.812779999909004, -20.856920005886469 ], [ 47.808259404759212, -20.8563168108052 ], [ 47.803527047146311, -20.85371026255276 ], [ 47.797150508499222, -20.852343813750487 ], [ 47.789721853889766, -20.852148953145843 ], [ 47.786180621347427, -20.850662987141984 ], [ 47.783486897311001, -20.849532632859983 ], [ 47.782477729372069, -20.849390982443108 ] ] ] } },
{ "type": "Feature", "properties": { "fid": 19, "csb_secto": "CSB2 MAROTOKO" }, "geometry": { "type": "Polygon", "coordinates": [ [ [ 47.744771426809763, -21.632805895486744 ], [ 47.74319403392731, -21.633460281777221 ], [ 47.742354902606387, -21.633982313043639 ], [ 47.741508821324743, -21.635261830678466 ], [ 47.740955606066109, -21.636749807566272 ], [ 47.740651952675286, -21.637803729366716 ], [ 47.740152083401661, -21.638856117823096 ], [ 47.739328192891655, -21.640388302684677 ], [ 47.738900989738745, -21.641532950791085 ], [ 47.738253576790953, -21.642561398395252 ], [ 47.737437187526034, -21.643267223208795 ], [ 47.737016691516885, -21.64356266309121 ], [ 47.736596428432179, -21.643949817634514 ], [ 47.736129918610608, -21.643900487122295 ], [ 47.735394508799182, -21.64375763521123 ], [ 47.734488003867874, -21.643521323954616 ], [ 47.732944112530205, -21.643165914580003 ], [ 47.73198889941748, -21.642883694731641 ], [ 47.731450501388871, -21.642696079065765 ], [ 47.730692854940536, -21.642231388572881 ], [ 47.730674330704922, -21.641588673683835 ], [ 47.731099460021198, -21.640673489396011 ], [ 47.731796213373727, -21.639622379775659 ], [ 47.732049478649643, -21.638728879041707 ], [ 47.731959988911385, -21.637718169665451 ], [ 47.731795317648725, -21.636936641720723 ], [ 47.731637218631697, -21.63641299707054 ], [ 47.731318917982421, -21.632744321603585 ], [ 47.729262994040305, -21.631231378636357 ], [ 47.727116115364609, -21.63020170165872 ], [ 47.723967307393117, -21.627714418798092 ], [ 47.721995389123329, -21.625327279044637 ], [ 47.72007487160522, -21.623077425297989 ], [ 47.717532748984077, -21.623384722741552 ], [ 47.715452230383036, -21.625018689274881 ], [ 47.712537998876186, -21.625031955174208 ], [ 47.711105173811205, -21.624245935115752 ], [ 47.71054498610863, -21.62429644823639 ], [ 47.707853000461839, -21.624539176155633 ], [ 47.704384579730508, -21.62515660660517 ], [ 47.70165675160348, -21.624547370777798 ], [ 47.699848494657736, -21.623214424420087 ], [ 47.699169755625093, -21.622505133619317 ], [ 47.698724263858985, -21.622039889144073 ], [ 47.698507477783096, -21.62181349021499 ], [ 47.698118838458747, -21.621211442668788 ], [ 47.697778697773821, -21.620632723536556 ], [ 47.697512416609797, -21.620077982128688 ], [ 47.696874898003117, -21.619658191188261 ], [ 47.695962759718476, -21.619581997027236 ], [ 47.695097132571391, -21.619782571024313 ], [ 47.69427860651728, -21.620190485517689 ], [ 47.693783819312543, -21.620347831802142 ], [ 47.692549333429589, -21.620407312062806 ], [ 47.691563936371161, -21.620238249410818 ], [ 47.690356190929954, -21.620044365470214 ], [ 47.689370998017445, -21.61982928540834 ], [ 47.688188610759987, -21.619635755800751 ], [ 47.687796415516367, -21.619379135154283 ], [ 47.686909424074742, -21.619210698430365 ], [ 47.686293083602962, -21.619136977404999 ], [ 47.684632640128143, -21.619906898699298 ], [ 47.684080921341327, -21.620800946221088 ], [ 47.683922793546067, -21.621836187303984 ], [ 47.68378520716562, -21.623286405256344 ], [ 47.683507536087966, -21.623975157340219 ], [ 47.682344047183996, -21.624288297679136 ], [ 47.681138081501174, -21.623956333630392 ], [ 47.680105778502607, -21.623533290741406 ], [ 47.679219576665801, -21.623319090216519 ], [ 47.677885239056138, -21.623492681854298 ], [ 47.676818323850028, -21.624083026522616 ], [ 47.675947799894587, -21.62476725951317 ], [ 47.675026350029519, -21.625635031542704 ], [ 47.674029827458021, -21.626617668581115 ], [ 47.673768583396786, -21.62685137899842 ], [ 47.672907761327423, -21.626574935495505 ], [ 47.671502345799787, -21.626585617642668 ], [ 47.670354532079102, -21.626833274746097 ], [ 47.668689952622167, -21.626427752449231 ], [ 47.667660586809454, -21.625599254712636 ], [ 47.666634849761145, -21.625188870680805 ], [ 47.66522995584036, -21.625259231838903 ], [ 47.66388894346241, -21.625329099269322 ], [ 47.662541228437242, -21.624622441683396 ], [ 47.661249999829785, -21.624180004015194 ], [ 47.660436718621774, -21.625056454502491 ], [ 47.658710865655927, -21.624949971174889 ], [ 47.657686180814501, -21.624658995526971 ], [ 47.656536812165982, -21.624727364686809 ], [ 47.655904140905243, -21.625448945622551 ], [ 47.654690879921901, -21.625517782429867 ], [ 47.653920702320214, -21.625105403701749 ], [ 47.652643050777677, -21.625114971588943 ], [ 47.651319999659648, -21.625030004541294 ], [ 47.650564932467056, -21.62610548309117 ], [ 47.649184298657694, -21.625956061632582 ], [ 47.647995527113039, -21.626360883357407 ], [ 47.647103786351757, -21.626699137264367 ], [ 47.646460195522735, -21.626901203236894 ], [ 47.645841972769865, -21.627034500750437 ], [ 47.644510637996476, -21.626862378604727 ], [ 47.640220606536282, -21.627489657529953 ], [ 47.635249999627867, -21.626550004487619 ], [ 47.630386023535983, -21.628553473671005 ], [ 47.625276524431676, -21.633263722347156 ], [ 47.622835100698872, -21.634907479799573 ], [ 47.622726675735073, -21.635874027067366 ], [ 47.622324300165957, -21.63663106197609 ], [ 47.621747793365628, -21.637501411462658 ], [ 47.621688978603196, -21.63844558539661 ], [ 47.62165743488243, -21.639113265465628 ], [ 47.621697962830503, -21.639988979408205 ], [ 47.621639778492842, -21.640864003570726 ], [ 47.621287742475189, -21.641506086236397 ], [ 47.620370977178659, -21.641866971582743 ], [ 47.61950675747061, -21.641905737758805 ], [ 47.618304206513436, -21.641227868370937 ], [ 47.617572162864427, -21.64039247283424 ], [ 47.616814740347252, -21.639625834964651 ], [ 47.616180797445075, -21.638860269986132 ], [ 47.615470922983903, -21.638255557748714 ], [ 47.614907266596106, -21.637882327408587 ], [ 47.613923066535193, -21.637574522747297 ], [ 47.612910536930592, -21.637635214394813 ], [ 47.612040137980856, -21.638272858006736 ], [ 47.611587033453631, -21.639144540288484 ], [ 47.611208932385146, -21.639924517801994 ], [ 47.610803756327222, -21.640934701074798 ], [ 47.610175753447137, -21.642012257058624 ], [ 47.609748240028175, -21.642768883675181 ], [ 47.609269719760697, -21.643709323623945 ], [ 47.608815947936584, -21.644649865196175 ], [ 47.608438982711881, -21.645314964210893 ], [ 47.608014182547507, -21.645818133096761 ], [ 47.607468418171912, -21.646113051372442 ], [ 47.606702586094343, -21.646152735756313 ], [ 47.606110789020555, -21.646101696532163 ], [ 47.60559569332532, -21.645797795827889 ], [ 47.605229167430842, -21.645426213945026 ], [ 47.604545103512251, -21.644729266339329 ], [ 47.604034892934465, -21.643918735258659 ], [ 47.603326389040056, -21.643221674338381 ], [ 47.603779141032916, -21.642373158592388 ], [ 47.603961014527535, -21.6414763564472 ], [ 47.604118546072378, -21.640556024440048 ], [ 47.60420053996117, -21.639773679011604 ], [ 47.604483975693164, -21.638600978352546 ], [ 47.604664572150469, -21.637842473951576 ], [ 47.604774277748788, -21.636760770294408 ], [ 47.604956141350975, -21.635863687560782 ], [ 47.605166246363247, -21.634621522367759 ], [ 47.60540099190024, -21.633402605548863 ], [ 47.605732981130089, -21.632299542093893 ], [ 47.605889334563088, -21.631494645265764 ], [ 47.60612249459529, -21.630414025291717 ], [ 47.606461333061837, -21.628642890562602 ], [ 47.606547849641274, -21.627422782142048 ], [ 47.606584223620686, -21.626271332463087 ], [ 47.606594156632539, -21.625280659082705 ], [ 47.606507488067614, -21.624105260457533 ], [ 47.606201509929114, -21.622651196104773 ], [ 47.606059001558997, -21.622097090517602 ], [ 47.605579217743873, -21.620757166320125 ], [ 47.605121034745117, -21.619693381654823 ], [ 47.604423242675487, -21.617936766480014 ], [ 47.603424292833623, -21.616661529617975 ], [ 47.602885611518445, -21.616265210083661 ], [ 47.602055196426704, -21.615405878191382 ], [ 47.601319875648215, -21.614915858293092 ], [ 47.60021643357792, -21.61421539253956 ], [ 47.599799524065084, -21.613981595787408 ], [ 47.598919526651002, -21.613144899830999 ], [ 47.598555326403293, -21.612565841654373 ], [ 47.597925747011594, -21.611385569603048 ], [ 47.597709754137824, -21.610807989012464 ], [ 47.597664212469333, -21.610669605832673 ], [ 47.59739868943381, -21.609860809544145 ], [ 47.597110793064402, -21.609052035738781 ], [ 47.597071188720086, -21.608084284278725 ], [ 47.597131222963277, -21.607048087216487 ], [ 47.597259346677134, -21.606588270149846 ], [ 47.597736677141604, -21.605763014469279 ], [ 47.59818615830023, -21.605259975085819 ], [ 47.598758775532723, -21.604758029278024 ], [ 47.599384509423196, -21.603887963077923 ], [ 47.599664323585316, -21.603084153530126 ], [ 47.599674958068434, -21.602024603772389 ], [ 47.599363262939704, -21.60114657317617 ], [ 47.599127635167669, -21.600454550258 ], [ 47.599148426593992, -21.599787218226588 ], [ 47.599218900167429, -21.599142954705055 ], [ 47.599383453618749, -21.597715688350487 ], [ 47.599400370765728, -21.596243474779556 ], [ 47.599396530660464, -21.595553459148171 ], [ 47.59948963657255, -21.594540727196762 ], [ 47.599555100022869, -21.592953016393452 ], [ 47.599671745689442, -21.591756387472852 ], [ 47.600183154164178, -21.590787791549399 ], [ 47.600573552562324, -21.590187803450796 ], [ 47.601530295421796, -21.58965431212351 ], [ 47.602659482384297, -21.589212146050823 ], [ 47.603839888435246, -21.589091628802855 ], [ 47.605045908077464, -21.58922407465846 ], [ 47.605613090706854, -21.589428560706573 ], [ 47.606205513708844, -21.589840016730307 ], [ 47.606603509579784, -21.590643188658667 ], [ 47.606903520716493, -21.591493068676261 ], [ 47.607741539575954, -21.591788166816436 ], [ 47.608380231797952, -21.591624102596302 ], [ 47.609015153162424, -21.590746881390064 ], [ 47.609132637896479, -21.589734255558628 ], [ 47.608734362336484, -21.588861947348612 ], [ 47.608188159091718, -21.587944418528139 ], [ 47.607345375623844, -21.586775018380997 ], [ 47.606900972936785, -21.586455070174118 ], [ 47.606256609589998, -21.585560818506206 ], [ 47.603690899550131, -21.584119598270796 ], [ 47.602486846725228, -21.582918227224848 ], [ 47.601576003464224, -21.581063199238766 ], [ 47.600763932743597, -21.579114376459742 ], [ 47.600629999409023, -21.576130003231125 ], [ 47.601399998944657, -21.572870003084084 ], [ 47.602186403913187, -21.570540996407061 ], [ 47.602920397292287, -21.56891761759216 ], [ 47.60404946284622, -21.567176822391598 ], [ 47.604135225793726, -21.565500797264047 ], [ 47.605130000083122, -21.563380004325062 ], [ 47.605706574332636, -21.562976403879556 ], [ 47.609081801917576, -21.56202134724969 ], [ 47.613155752370261, -21.561340414771262 ], [ 47.614413737538278, -21.560885300259553 ], [ 47.615000060438753, -21.560169564017784 ], [ 47.615513415945756, -21.559568938299815 ], [ 47.615904788309599, -21.559176068564923 ], [ 47.616638733125399, -21.558436396866892 ], [ 47.616798300735319, -21.557485264878267 ], [ 47.616920192147354, -21.556757079321379 ], [ 47.617053586787904, -21.555961079486252 ], [ 47.617195598732117, -21.555112804758686 ], [ 47.617319798703896, -21.554372468461594 ], [ 47.617439394146921, -21.553658975128943 ], [ 47.617527074449036, -21.553135373646175 ], [ 47.617669959635066, -21.552283704877176 ], [ 47.617877526760452, -21.551046324077383 ], [ 47.617010469691209, -21.548204028443401 ], [ 47.615401256096575, -21.5461058984198 ], [ 47.61339517797834, -21.544134719394098 ], [ 47.616503092876876, -21.542981614063322 ], [ 47.618559642746924, -21.54303084115357 ], [ 47.620957800096193, -21.542949322106917 ], [ 47.62357999835227, -21.542880004162381 ], [ 47.62451141900079, -21.541705166714333 ], [ 47.625322075987029, -21.540288583406461 ], [ 47.626403103354441, -21.538421173554479 ], [ 47.628099814688767, -21.536421020171232 ], [ 47.629255734898301, -21.535322509084562 ], [ 47.630203909017247, -21.53396902221138 ], [ 47.631561094802727, -21.532356050351183 ], [ 47.632514056012965, -21.531579614367914 ], [ 47.633479999836275, -21.531180004214313 ], [ 47.635254108624579, -21.531431281089237 ], [ 47.638483548012026, -21.53243349007354 ], [ 47.641920232567742, -21.533626470444911 ], [ 47.645355882903083, -21.53469114274127 ], [ 47.649474150147782, -21.535430068901626 ], [ 47.65235673990766, -21.535921611352251 ], [ 47.653730602721375, -21.536296108837252 ], [ 47.654329999965853, -21.537300004050266 ], [ 47.654165255858246, -21.539050067663851 ], [ 47.653766625066197, -21.540527819259921 ], [ 47.652957338646836, -21.542072749313604 ], [ 47.652629408057365, -21.54380645425908 ], [ 47.652304196118479, -21.545860743232257 ], [ 47.651772828090316, -21.547852444786919 ], [ 47.651651571599629, -21.54971285071883 ], [ 47.651596123898962, -21.551252161808428 ], [ 47.651405240096771, -21.552984841526786 ], [ 47.651215988564211, -21.554909869143685 ], [ 47.650954921669523, -21.556450709080586 ], [ 47.650827660405461, -21.55760582889291 ], [ 47.650700941432611, -21.558825063172527 ], [ 47.650228249671343, -21.559662148535214 ], [ 47.650171702999096, -21.561073222596207 ], [ 47.650247877375101, -21.561970343101525 ], [ 47.6509431099742, -21.563119337631395 ], [ 47.651568177467098, -21.564076490581115 ], [ 47.651884996033587, -21.564829079241839 ], [ 47.652267801455778, -21.565738407144465 ], [ 47.652823252429087, -21.566567830283439 ], [ 47.652897263036287, -21.567208482127633 ], [ 47.653178543093382, -21.568039949425582 ], [ 47.653392379392969, -21.569000159171029 ], [ 47.653994137357891, -21.570127653608708 ], [ 47.653855037418403, -21.571646761428482 ], [ 47.653765217629186, -21.573142356473323 ], [ 47.654154288628241, -21.57672901916569 ], [ 47.654827403300828, -21.5783128907633 ], [ 47.655672149089419, -21.579712029022136 ], [ 47.65621615439111, -21.580238532617173 ], [ 47.657182452547424, -21.581453027469603 ], [ 47.658443853340579, -21.582665867569538 ], [ 47.659629705685937, -21.58351124827885 ], [ 47.661602876711235, -21.584398679488476 ], [ 47.662957993156809, -21.584783028147104 ], [ 47.664066515497339, -21.585053513641494 ], [ 47.665666870769712, -21.585252550697454 ], [ 47.667783993576826, -21.585471936713297 ], [ 47.668492176413267, -21.58544187687394 ], [ 47.669490832176685, -21.585671934245166 ], [ 47.670057866418006, -21.585802559872935 ], [ 47.671289572496548, -21.585536755349882 ], [ 47.673009992657839, -21.584971574611792 ], [ 47.676303412513555, -21.585288530774367 ], [ 47.679470997429959, -21.5851504209887 ], [ 47.682152095884121, -21.585129961412353 ], [ 47.686173731874206, -21.585099193806681 ], [ 47.688611084376276, -21.585080499599503 ], [ 47.691412030083526, -21.584830997087273 ], [ 47.693140377768792, -21.584443212119286 ], [ 47.694439616637567, -21.582641889847128 ], [ 47.695767059145055, -21.58114979226578 ], [ 47.697330151907551, -21.578743956506436 ], [ 47.699129861696278, -21.575538354551355 ], [ 47.70081470377805, -21.573131549322884 ], [ 47.702138976175306, -21.571297469245234 ], [ 47.702721613654049, -21.569645231185838 ], [ 47.704103774512163, -21.568982464113237 ], [ 47.707995915322073, -21.567691797583063 ], [ 47.70821536069321, -21.567619026241811 ], [ 47.71112303164567, -21.566317379888787 ], [ 47.713702141583752, -21.564445923087714 ], [ 47.717497890358672, -21.56166266884566 ], [ 47.720018123481111, -21.560779334048167 ], [ 47.722622543938954, -21.560606761342306 ], [ 47.725128824979201, -21.560458346225275 ], [ 47.726318684703507, -21.559455015786554 ], [ 47.725867877044656, -21.557233888184719 ], [ 47.725846198886636, -21.555764576726073 ], [ 47.727848220162983, -21.553165978480891 ], [ 47.730992795924692, -21.551036170737774 ], [ 47.731549380043766, -21.550659192023318 ], [ 47.733543926155235, -21.549185776058927 ], [ 47.735213472567786, -21.549002650708129 ], [ 47.737289282318862, -21.549709483661907 ], [ 47.739407990630866, -21.549956508542088 ], [ 47.741738258158684, -21.547927198238988 ], [ 47.744307169784761, -21.545412806214884 ], [ 47.748410639584371, -21.543543092300002 ], [ 47.750884136738563, -21.541236520110804 ], [ 47.751962101015152, -21.539316179760455 ], [ 47.752718976744475, -21.538961292892175 ], [ 47.754607062910878, -21.538614244514886 ], [ 47.757002485421758, -21.53696588343292 ], [ 47.759176927418686, -21.535085097064893 ], [ 47.761077222781104, -21.533911010550703 ], [ 47.761543668750797, -21.533743477645512 ], [ 47.761941109740008, -21.533553520145141 ], [ 47.762435320479192, -21.533035969301121 ], [ 47.763077487681564, -21.532330475438059 ], [ 47.763468453551802, -21.531440263524861 ], [ 47.763863727174801, -21.531016885188787 ], [ 47.764607828034521, -21.530543995576988 ], [ 47.765104179160176, -21.530259857474633 ], [ 47.765599175007608, -21.529797086135076 ], [ 47.765795784793312, -21.529507266116095 ], [ 47.766147390935053, -21.529297669220799 ], [ 47.766589764751487, -21.529033964614737 ], [ 47.76661858082857, -21.529028666708626 ], [ 47.767386764633294, -21.528887442570504 ], [ 47.76766645109165, -21.528621179393198 ], [ 47.768029760111155, -21.528275299235208 ], [ 47.768224573950683, -21.527760164869495 ], [ 47.768218517916033, -21.527106597861327 ], [ 47.767812885901591, -21.526409584605144 ], [ 47.767406825810006, -21.525665887541503 ], [ 47.767552613108137, -21.525244524586295 ], [ 47.767997320665408, -21.524774048754765 ], [ 47.768638130790656, -21.523928488181095 ], [ 47.76908412977447, -21.523598060174379 ], [ 47.769577852181783, -21.523033809335239 ], [ 47.770170920896923, -21.522422064399549 ], [ 47.7708685313034, -21.522323023861308 ], [ 47.771421238445114, -21.522738713893173 ], [ 47.771873296161502, -21.523061845700131 ], [ 47.77218420977934, -21.523535049175411 ], [ 47.772578719877941, -21.523803097507145 ], [ 47.77283251665331, -21.524267898616515 ], [ 47.77313490649675, -21.52459224540759 ], [ 47.77348469510865, -21.524682683031166 ], [ 47.773630786377751, -21.524261400115453 ], [ 47.774126231886214, -21.523883872814711 ], [ 47.774721455377019, -21.523505528030125 ], [ 47.775567437733244, -21.523265198602626 ], [ 47.776215156450533, -21.523166542074982 ], [ 47.777063310669561, -21.523159621791844 ], [ 47.777491714417451, -21.523092739211357 ], [ 47.778009940652559, -21.523011831703535 ], [ 47.778957874652647, -21.523004086742123 ], [ 47.780205594059481, -21.523040570438926 ], [ 47.781253746709766, -21.523078679210673 ], [ 47.782114236029919, -21.523078925624979 ], [ 47.783001686125722, -21.523251107125905 ], [ 47.783650710658655, -21.523292473242037 ], [ 47.784152246376017, -21.523568479674481 ], [ 47.784707178440584, -21.524217535683267 ], [ 47.785010028736941, -21.524588541100695 ], [ 47.785313319701075, -21.525006230325467 ], [ 47.78576628663204, -21.525422687478983 ], [ 47.786319041437849, -21.52583832445093 ], [ 47.787073121174927, -21.526439049094364 ], [ 47.787874026812283, -21.526712581491871 ], [ 47.788669669617043, -21.526425914495949 ], [ 47.789413659860017, -21.525952926857943 ], [ 47.790208854802387, -21.525619570658733 ], [ 47.791081219670261, -21.525317548638306 ], [ 47.791952428009857, -21.525325075064501 ], [ 47.792801025594677, -21.52536475944849 ], [ 47.793749407457142, -21.525403614657527 ], [ 47.794597124605588, -21.525349922433413 ], [ 47.795443517052725, -21.525156181485208 ], [ 47.796424930114561, -21.525206029107615 ], [ 47.798936338189819, -21.525423689324526 ], [ 47.801888807071457, -21.52558939390816 ], [ 47.804642517686887, -21.52578661253494 ], [ 47.804816737051837, -21.528122096129341 ], [ 47.805184259395318, -21.532006679034435 ], [ 47.804608145598785, -21.533589280789215 ], [ 47.804555929162206, -21.534196225143909 ], [ 47.804475609810908, -21.535129805064081 ], [ 47.804219559334697, -21.536623101441794 ], [ 47.803671793967595, -21.537700036893465 ], [ 47.802531062408057, -21.539163158318491 ], [ 47.801293241839119, -21.540441675907221 ], [ 47.800307247630741, -21.540732919552998 ], [ 47.799329592835704, -21.53980468340426 ], [ 47.798207792005059, -21.538369105515368 ], [ 47.797177527769598, -21.538061858433746 ], [ 47.795915265426018, -21.539247979675494 ], [ 47.795515023948113, -21.540303069695298 ], [ 47.795309627786068, -21.541612786564478 ], [ 47.795402696825981, -21.542395699465132 ], [ 47.795514898942571, -21.54405300250642 ], [ 47.795729611181841, -21.545067159883335 ], [ 47.795963964614614, -21.546817422247123 ], [ 47.796517547696091, -21.54863954044232 ], [ 47.796647067157977, -21.549478262571228 ], [ 47.796777208950665, -21.550321014562151 ], [ 47.797009979576693, -21.552347279761051 ], [ 47.796678407632193, -21.554093199298617 ], [ 47.795834375006173, -21.555305767803169 ], [ 47.795818469596611, -21.55776727429512 ], [ 47.795925300961819, -21.558037239082033 ], [ 47.796229533516225, -21.558806041619881 ], [ 47.796790499132378, -21.56041997305676 ], [ 47.796996205560724, -21.561911591299545 ], [ 47.797074218150989, -21.563404267145049 ], [ 47.795737874153836, -21.563893216849948 ], [ 47.794467082640004, -21.564980286761685 ], [ 47.79416208296405, -21.566542264363989 ], [ 47.793588688717307, -21.567733955107286 ], [ 47.79311631531602, -21.568443372712387 ], [ 47.792596555736729, -21.568991479821463 ], [ 47.791113664514228, -21.570037734002085 ], [ 47.789779488782578, -21.570924151675612 ], [ 47.788372230544113, -21.571740895272924 ], [ 47.78711074791272, -21.572788960688165 ], [ 47.786341106306999, -21.573910005188107 ], [ 47.785644132620689, -21.575123576436773 ], [ 47.784479851414005, -21.576310514262918 ], [ 47.783270363086764, -21.576990981792118 ], [ 47.782133194641077, -21.577855970419851 ], [ 47.781634579921807, -21.578864148204449 ], [ 47.781377365722875, -21.580518560824565 ], [ 47.78129841244175, -21.581300063588323 ], [ 47.781308491143996, -21.581669316226971 ], [ 47.781337976316685, -21.58274969788069 ], [ 47.781526302447105, -21.584039791542899 ], [ 47.782476122325562, -21.585450896180912 ], [ 47.783594365438191, -21.587507415472828 ], [ 47.784025781915012, -21.589167444359095 ], [ 47.784064312468878, -21.5908242150017 ], [ 47.784423784980582, -21.592276567045349 ], [ 47.785116924857256, -21.594173634739814 ], [ 47.784716916303672, -21.594309107713453 ], [ 47.784592577836236, -21.594396350045784 ], [ 47.783890766696494, -21.594888781026341 ], [ 47.783703285029624, -21.595551242329574 ], [ 47.783829649669691, -21.59647328304866 ], [ 47.784330511794877, -21.597173246081169 ], [ 47.785054459746789, -21.597786428133585 ], [ 47.786070660384162, -21.598543374009573 ], [ 47.786427565331316, -21.599079714389077 ], [ 47.785823924186225, -21.599641196215632 ], [ 47.785078452759819, -21.599947041254143 ], [ 47.784486720437158, -21.599980422289903 ], [ 47.783798748964422, -21.599919777406985 ], [ 47.782942655530327, -21.599694576374858 ], [ 47.782429649859615, -21.599499849769629 ], [ 47.781523286121761, -21.599319360331585 ], [ 47.780981828599529, -21.599307728500253 ], [ 47.780364959326384, -21.59936359618429 ], [ 47.779403631723191, -21.59943498976418 ], [ 47.778395735425647, -21.599367353551735 ], [ 47.777638432518351, -21.599121278355611 ], [ 47.776980691756151, -21.59880863264376 ], [ 47.776522492569576, -21.598407991866953 ], [ 47.775901669876667, -21.597590461362717 ], [ 47.775210531890949, -21.596610387392012 ], [ 47.774711869507485, -21.595818376050104 ], [ 47.774358552855112, -21.595144263130521 ], [ 47.773921970672575, -21.594859142069218 ], [ 47.773255230394689, -21.594936838997228 ], [ 47.772781942382863, -21.5951794500048 ], [ 47.772203398618032, -21.595718671812111 ], [ 47.771942001672102, -21.596356327115252 ], [ 47.771854624441424, -21.596951925623028 ], [ 47.771546106617613, -21.597519979695207 ], [ 47.770950710457043, -21.59825969725858 ], [ 47.77092276042719, -21.599467753864491 ], [ 47.77100681915956, -21.600132500344944 ], [ 47.771162824554963, -21.600681523863393 ], [ 47.771305537970456, -21.600905554877471 ], [ 47.771551875768786, -21.601820983780851 ], [ 47.771989565016824, -21.602352181836874 ], [ 47.772622076198388, -21.602999462584044 ], [ 47.773132630317264, -21.603576905578329 ], [ 47.773689265697733, -21.604499103678823 ], [ 47.774095861785405, -21.605833412509476 ], [ 47.774283760737866, -21.606821556096786 ], [ 47.774594021447896, -21.607856952762528 ], [ 47.774981509640057, -21.608502278383479 ], [ 47.775591603420885, -21.608942873340776 ], [ 47.776374457866154, -21.609269736434918 ], [ 47.777032498102571, -21.609802212427553 ], [ 47.777615611322773, -21.610517885716877 ], [ 47.778028601590165, -21.611048702460426 ], [ 47.778490139959537, -21.611671679029186 ], [ 47.779368388192204, -21.612320578556069 ], [ 47.780249267841157, -21.612671165765679 ], [ 47.780689600196666, -21.612834887344132 ], [ 47.781374312526339, -21.613183978981258 ], [ 47.78217855195058, -21.613855199681172 ], [ 47.782906923667682, -21.614801341331898 ], [ 47.783509425371882, -21.616159963333907 ], [ 47.783796527639886, -21.617034388547967 ], [ 47.784252706949246, -21.618299958597301 ], [ 47.784635037529441, -21.619542429559999 ], [ 47.785335585121786, -21.620924500485064 ], [ 47.786012675697172, -21.622122765272557 ], [ 47.786545153488916, -21.623090821602801 ], [ 47.786907430086764, -21.623804892300193 ], [ 47.787511074829332, -21.624956911250138 ], [ 47.788062937507789, -21.626567646496518 ], [ 47.78856209991438, -21.628476251593561 ], [ 47.789139966489707, -21.629834478793253 ], [ 47.790038518716365, -21.631080268254252 ], [ 47.7903541043122, -21.631449870729266 ], [ 47.791373395919301, -21.632948910177507 ], [ 47.792414976324089, -21.634631748568918 ], [ 47.793408072478805, -21.636291559819373 ], [ 47.79457374133947, -21.637814471771485 ], [ 47.795839332074081, -21.639177664128223 ], [ 47.797282119828672, -21.6398762080306 ], [ 47.79823630141906, -21.640295775039856 ], [ 47.799313043517138, -21.640716287236572 ], [ 47.799949190657685, -21.641019131237414 ], [ 47.800632759949089, -21.641482992555368 ], [ 47.801288341439097, -21.642428507378551 ], [ 47.801280444492228, -21.643369691966083 ], [ 47.8008562504709, -21.64414729796724 ], [ 47.799204670714197, -21.644916536676202 ], [ 47.797731020924928, -21.644975400001943 ], [ 47.795596676100665, -21.644754175771901 ], [ 47.793459353620953, -21.644854087753114 ], [ 47.791812528579875, -21.645049512232081 ], [ 47.790361191870012, -21.645360975335393 ], [ 47.789475108743716, -21.645630205376136 ], [ 47.788390156734707, -21.646127966638407 ], [ 47.787723203317555, -21.646651324404903 ], [ 47.787201455337268, -21.647336304732072 ], [ 47.786751190869083, -21.648366099520629 ], [ 47.786005349821409, -21.649485819319317 ], [ 47.785313955528899, -21.649917092803509 ], [ 47.784552067877897, -21.649980962655121 ], [ 47.783919847177394, -21.649264895462739 ], [ 47.783616086767012, -21.64740321519141 ], [ 47.78358315269427, -21.645451813156892 ], [ 47.783420429363112, -21.644394918197712 ], [ 47.782359512634997, -21.642069059147797 ], [ 47.781656985634854, -21.640870436430177 ], [ 47.78132127680886, -21.63990385498807 ], [ 47.780715715611024, -21.638935547746975 ], [ 47.779623990807664, -21.637367053657094 ], [ 47.77892172730882, -21.636191551609926 ], [ 47.778046129378254, -21.63519836102714 ], [ 47.777535439461772, -21.634620949509081 ], [ 47.776293461326773, -21.633372546618233 ], [ 47.775168660357828, -21.632836853750526 ], [ 47.77357985238055, -21.631999333115843 ], [ 47.772776839631604, -21.631144357539608 ], [ 47.77244363991408, -21.629856586826239 ], [ 47.772580886350795, -21.628204592483087 ], [ 47.772588759915287, -21.627240532740011 ], [ 47.772402128107508, -21.626068390559986 ], [ 47.771801016755212, -21.624595144567312 ], [ 47.770732904551458, -21.623141516385687 ], [ 47.769097760804272, -21.621982048351125 ], [ 47.76782521651171, -21.621514102312538 ], [ 47.766722420154615, -21.621253873586038 ], [ 47.766084367350715, -21.621249479498506 ], [ 47.765026331151191, -21.621517438797135 ], [ 47.76447470499464, -21.622822030429965 ], [ 47.764416535046017, -21.623900514514158 ], [ 47.764573431669646, -21.625646346817543 ], [ 47.7645379237374, -21.626954357672808 ], [ 47.76433207161908, -21.628054924609771 ], [ 47.763932286996699, -21.628878537228921 ], [ 47.763138935664593, -21.629768280595449 ], [ 47.762076473901352, -21.630541403476265 ], [ 47.760620823143562, -21.631357502259661 ], [ 47.75929036610853, -21.631875981203958 ], [ 47.758555217100579, -21.631756081790115 ], [ 47.758166407804381, -21.631294164806501 ], [ 47.758001004493636, -21.63051239674277 ], [ 47.757983685349586, -21.629685966547648 ], [ 47.75718685454035, -21.628119427583879 ], [ 47.755519191308075, -21.62787781302497 ], [ 47.753011331058374, -21.62829626757269 ], [ 47.751928462778544, -21.628564069490011 ], [ 47.751336594658298, -21.628858384320555 ], [ 47.749834072134817, -21.629375637488941 ], [ 47.748063049819855, -21.629776231500806 ], [ 47.747471951519273, -21.630024528022279 ], [ 47.746948519108805, -21.630869984274611 ], [ 47.746153540903052, -21.631989384813899 ], [ 47.744771426809763, -21.632805895486744 ] ] ] } },
{ "type": "Feature", "properties": { "fid": 20, "csb_secto": "CSB2 RANOMAFANA" }, "geometry": { "type": "Polygon", "coordinates": [ [ [ 47.509006192495789, -21.383129119646938 ], [ 47.508768696831893, -21.384283146783019 ], [ 47.508034729533129, -21.384864181669521 ], [ 47.507556284808814, -21.386711266843346 ], [ 47.507067533853636, -21.387175447420489 ], [ 47.506214787696372, -21.388333489130112 ], [ 47.505487645352666, -21.389836448723063 ], [ 47.504636583625512, -21.391224967787256 ], [ 47.503541117642619, -21.392845566797721 ], [ 47.502569535969407, -21.394580602739939 ], [ 47.500863026521593, -21.396781398468715 ], [ 47.499765776283702, -21.398171495842998 ], [ 47.499649999362177, -21.398830005525141 ], [ 47.500120595703208, -21.399928230627516 ], [ 47.500649358395549, -21.40116218860765 ], [ 47.501647492552316, -21.402999656431636 ], [ 47.503759189749786, -21.405636589178588 ], [ 47.506115373041375, -21.408041401509621 ], [ 47.507105029289121, -21.408726412413834 ], [ 47.508590391848763, -21.409869160252871 ], [ 47.508067693285085, -21.411039255575851 ], [ 47.507536919708684, -21.411824418580235 ], [ 47.506826020919789, -21.412443253771034 ], [ 47.505876203739433, -21.413007811278952 ], [ 47.504748756065759, -21.413741030341306 ], [ 47.504096628871793, -21.414247801911195 ], [ 47.503086750468619, -21.414756902725173 ], [ 47.502135661646911, -21.415153943515698 ], [ 47.501066973877094, -21.415775087266155 ], [ 47.500532004963368, -21.416001907077902 ], [ 47.499823540639184, -21.416955711851639 ], [ 47.498818176832735, -21.418078945301382 ], [ 47.498226050607073, -21.418641141189632 ], [ 47.497756891382735, -21.419705053558708 ], [ 47.497290618982277, -21.421159792402996 ], [ 47.496464919036107, -21.42239352015665 ], [ 47.496064951851373, -21.422939904164675 ], [ 47.495092564385573, -21.422075372392435 ], [ 47.494056085834785, -21.421159111616035 ], [ 47.493563832020236, -21.420953989747172 ], [ 47.492654212736689, -21.420888458847681 ], [ 47.491548475596531, -21.420961928062855 ], [ 47.49059043771328, -21.421034720088503 ], [ 47.489558340659514, -21.421038548502374 ], [ 47.488377048776314, -21.420674990370809 ], [ 47.487292604884253, -21.420035037299662 ], [ 47.486479430695439, -21.419555065526612 ], [ 47.485370551324039, -21.418869247930527 ], [ 47.483867749111319, -21.418023650484528 ], [ 47.482365704127737, -21.417362345709392 ], [ 47.480493621397066, -21.416426217110256 ], [ 47.479238301819571, -21.415947902787838 ], [ 47.477515219664909, -21.415310260074939 ], [ 47.476087437997904, -21.414740441532945 ], [ 47.474463205725314, -21.414263307120883 ], [ 47.473085271680709, -21.413831450875854 ], [ 47.47244484196851, -21.413511761673668 ], [ 47.471705425677364, -21.413008384145101 ], [ 47.47094110176289, -21.412436289418942 ], [ 47.470447876680616, -21.412046790343005 ], [ 47.469732496569812, -21.411405509872537 ], [ 47.468598339054275, -21.410581427807223 ], [ 47.467365545695351, -21.409619651442814 ], [ 47.465984910986634, -21.408635652830625 ], [ 47.464800065881946, -21.407420649861159 ], [ 47.463986996913867, -21.406894553658951 ], [ 47.462753764685786, -21.40586358975159 ], [ 47.461300310971687, -21.404971739273467 ], [ 47.460093799400283, -21.404470104630956 ], [ 47.458517402966507, -21.403578714605757 ], [ 47.457409632459239, -21.403099588195392 ], [ 47.45556206614679, -21.402048127839265 ], [ 47.455387550905115, -21.401496551145641 ], [ 47.455508427881959, -21.400989987319033 ], [ 47.455844139405777, -21.399033241512967 ], [ 47.455714924814124, -21.397561211403595 ], [ 47.455530154603146, -21.397415359354305 ], [ 47.455221786965971, -21.397171944352809 ], [ 47.453440542956493, -21.394929551381829 ], [ 47.450549998692622, -21.388980004550849 ], [ 47.449563196893031, -21.388344742343477 ], [ 47.445308239891766, -21.385349835355516 ], [ 47.439452548104491, -21.38406407732451 ], [ 47.435793669849417, -21.38303411166449 ], [ 47.434200424617224, -21.382585602673068 ], [ 47.432384723982942, -21.382407847174122 ], [ 47.429574113261673, -21.384124396652194 ], [ 47.426560529151871, -21.385653303484769 ], [ 47.422147328343158, -21.388890064250575 ], [ 47.418129998307386, -21.394020004941851 ], [ 47.417969094304716, -21.392623776889071 ], [ 47.418115396914345, -21.389296962509931 ], [ 47.417580978385409, -21.385340725221475 ], [ 47.417965092320948, -21.382533458181328 ], [ 47.416974531355223, -21.381823569331395 ], [ 47.415816617348604, -21.381022105215433 ], [ 47.414782023776773, -21.380404497599187 ], [ 47.413427333609789, -21.379557902805033 ], [ 47.411802328819476, -21.37866605232691 ], [ 47.410915600879221, -21.378116972151219 ], [ 47.41024847479202, -21.377199067414185 ], [ 47.410094844506077, -21.375611945666822 ], [ 47.410238832260902, -21.374760333554995 ], [ 47.411435302901502, -21.372823616550228 ], [ 47.412684760697807, -21.371990806564643 ], [ 47.413859376014138, -21.370790357324012 ], [ 47.413880224996973, -21.369870041504594 ], [ 47.413435255737042, -21.369135418600411 ], [ 47.412867032591976, -21.368355238739376 ], [ 47.412422563354994, -21.367781501851269 ], [ 47.411682759456049, -21.367070650726703 ], [ 47.411090947093726, -21.36649722410462 ], [ 47.410399310883506, -21.365556313810323 ], [ 47.409682812016037, -21.364546672828649 ], [ 47.408966486717738, -21.363605900130604 ], [ 47.408499076674758, -21.362532672583807 ], [ 47.408737500438932, -21.361698560379725 ], [ 47.408475092654953, -21.360282567926408 ], [ 47.409295382279666, -21.359716538228287 ], [ 47.409659906283153, -21.358771591776609 ], [ 47.409484951272972, -21.357943890839408 ], [ 47.408867837384157, -21.357187127525801 ], [ 47.408447657936307, -21.356543793903214 ], [ 47.408001333397984, -21.355509952165324 ], [ 47.407692397389269, -21.354072212306288 ], [ 47.407876877119172, -21.352836471869875 ], [ 47.408251871030004, -21.351747505287964 ], [ 47.408224841905856, -21.351137399816302 ], [ 47.408166199813074, -21.349818418131353 ], [ 47.408290627313363, -21.349282495936574 ], [ 47.408094576006626, -21.348317168149453 ], [ 47.408290558964836, -21.347847436956553 ], [ 47.4084590919162, -21.346972527907308 ], [ 47.408354639257745, -21.345339368965004 ], [ 47.408131105568529, -21.344764864955255 ], [ 47.40766106500854, -21.343915198976308 ], [ 47.406824229656713, -21.343180613843668 ], [ 47.40698831725922, -21.342360492392643 ], [ 47.406514120932023, -21.341428986308959 ], [ 47.40622465794371, -21.340859951975826 ], [ 47.406273474043637, -21.340369640697237 ], [ 47.405795683126208, -21.339037328361542 ], [ 47.405303169407553, -21.337665019577322 ], [ 47.404698985971059, -21.336351517461527 ], [ 47.404474249888288, -21.335862257490387 ], [ 47.40439101403561, -21.335044728784851 ], [ 47.404155740596373, -21.33375049194596 ], [ 47.404010893089612, -21.332954212421665 ], [ 47.403197077684162, -21.331643632203324 ], [ 47.402048638035275, -21.330433250849829 ], [ 47.40076433240894, -21.330478643230684 ], [ 47.400236057149037, -21.329422101705042 ], [ 47.399772060932577, -21.329055619877568 ], [ 47.398543820841283, -21.329553993578177 ], [ 47.397877632747139, -21.330261894926338 ], [ 47.397506376418711, -21.330833698271999 ], [ 47.397184959618869, -21.331244881801148 ], [ 47.396598500920724, -21.331848431215047 ], [ 47.395120243005323, -21.331996538764013 ], [ 47.394354920843348, -21.332073279712745 ], [ 47.39352832067582, -21.331725272657959 ], [ 47.39264311348915, -21.331352765372735 ], [ 47.392341167011402, -21.330933941203572 ], [ 47.391860429015587, -21.33026776120365 ], [ 47.391580296493544, -21.329685655224523 ], [ 47.391333153802037, -21.32917166479654 ], [ 47.390662742491443, -21.328295446334202 ], [ 47.389807390998065, -21.3279233122676 ], [ 47.389373783772797, -21.328182704624602 ], [ 47.388894079098208, -21.328169125760951 ], [ 47.387973042921217, -21.328659427146977 ], [ 47.387229195670436, -21.328793031329344 ], [ 47.386585236119238, -21.328268918132281 ], [ 47.386265916538186, -21.327907768385177 ], [ 47.385839753001569, -21.327425292899562 ], [ 47.38530553682034, -21.326820936793695 ], [ 47.384383114787994, -21.325777350002145 ], [ 47.383924845454317, -21.325038751195223 ], [ 47.383209593946475, -21.323886127900867 ], [ 47.382952297909043, -21.323470977462247 ], [ 47.382414085140631, -21.322530162496079 ], [ 47.382130902118099, -21.321705297121234 ], [ 47.381859958868532, -21.320176368704725 ], [ 47.381611872788127, -21.318777715180474 ], [ 47.381178440031292, -21.317640953229017 ], [ 47.380894851414425, -21.316293313747764 ], [ 47.381561163614954, -21.31537094387684 ], [ 47.382585486928939, -21.315478505491509 ], [ 47.382886619520114, -21.314317742433357 ], [ 47.383904248280608, -21.312220763542168 ], [ 47.38484497241577, -21.311393335998929 ], [ 47.386401068452841, -21.310242236156185 ], [ 47.387390252556408, -21.309732355630025 ], [ 47.388708152357687, -21.309052888147047 ], [ 47.390401441771701, -21.309339433734522 ], [ 47.391690470637386, -21.308896658820782 ], [ 47.393213199128596, -21.308221047630656 ], [ 47.395226677767774, -21.306289253514802 ], [ 47.39598124583658, -21.3049796022962 ], [ 47.396246340794747, -21.303400700352313 ], [ 47.396726791906623, -21.302950765935677 ], [ 47.397056230659246, -21.301988539910244 ], [ 47.397201300298448, -21.301564841415612 ], [ 47.398483404384365, -21.30095551925351 ], [ 47.399509714300642, -21.29984185369101 ], [ 47.399811886508061, -21.297957872930901 ], [ 47.400398611405414, -21.295162165776258 ], [ 47.401758252340088, -21.294672050549973 ], [ 47.403125664316626, -21.29291616022897 ], [ 47.403423138465627, -21.291642480992756 ], [ 47.402764046921611, -21.28987593190665 ], [ 47.402036167133716, -21.288224384526551 ], [ 47.401821721993024, -21.286783783024752 ], [ 47.40195220912512, -21.284814427824241 ], [ 47.400973540794141, -21.283621632713423 ], [ 47.39911051603508, -21.282680161242094 ], [ 47.398406052794655, -21.28272267759106 ], [ 47.39767964070036, -21.282318757886085 ], [ 47.39687658748187, -21.282254578667587 ], [ 47.396574373006175, -21.28105667181034 ], [ 47.396315483370074, -21.280259340978539 ], [ 47.395905932110196, -21.27899657051875 ], [ 47.394757073377193, -21.27842065547248 ], [ 47.394302305104141, -21.278192403940086 ], [ 47.393567138109781, -21.278234514694784 ], [ 47.392585025375368, -21.278596465737717 ], [ 47.392019288855835, -21.278983653555976 ], [ 47.391430482927198, -21.279389606627944 ], [ 47.390500227799954, -21.279442997579174 ], [ 47.389964927935573, -21.278467168408429 ], [ 47.38937898095169, -21.278212002865079 ], [ 47.388375902322359, -21.278045630984568 ], [ 47.387323440120859, -21.277925266621207 ], [ 47.386011501925452, -21.278465230369211 ], [ 47.385434016662686, -21.278442599829269 ], [ 47.384525215762139, -21.27882779564905 ], [ 47.383417993841313, -21.278899672164876 ], [ 47.38248115747524, -21.278960399785209 ], [ 47.381489526316365, -21.279024258845041 ], [ 47.380413001854251, -21.279093682010195 ], [ 47.379527957444814, -21.278186443232656 ], [ 47.378409435542373, -21.276435961434192 ], [ 47.377443700361646, -21.274881061496323 ], [ 47.377783100904466, -21.273402797286526 ], [ 47.378904805507418, -21.271496061880189 ], [ 47.378749587018753, -21.269816260499365 ], [ 47.379612786895528, -21.26826498303075 ], [ 47.379933370923212, -21.267736973970653 ], [ 47.38037908841909, -21.267003308844558 ], [ 47.381601470326608, -21.266641176138549 ], [ 47.382870437116033, -21.266265215456848 ], [ 47.384562224662112, -21.265801560983103 ], [ 47.385226022358268, -21.265630620546684 ], [ 47.386236749721562, -21.26537073266331 ], [ 47.388522474727871, -21.264456161713323 ], [ 47.388666270027834, -21.264398625786747 ], [ 47.389921125554977, -21.262894712013161 ], [ 47.390553924519466, -21.261544008541655 ], [ 47.391294926315211, -21.260573751570469 ], [ 47.390995466462954, -21.258729387745088 ], [ 47.390735726967421, -21.257381036000769 ], [ 47.389959527505248, -21.256574268582792 ], [ 47.38947349160334, -21.256068417019179 ], [ 47.389273021028032, -21.255485824506827 ], [ 47.38889249178996, -21.254813381628303 ], [ 47.388589344717296, -21.254277110496538 ], [ 47.3882252164154, -21.25357916464344 ], [ 47.387894306371791, -21.252941434696414 ], [ 47.387474926421234, -21.25162504845494 ], [ 47.387626383045607, -21.250937668736494 ], [ 47.388240962644851, -21.250573360570396 ], [ 47.389246696972165, -21.250805221981558 ], [ 47.390786183430308, -21.25006067955545 ], [ 47.391307405307288, -21.249787234392201 ], [ 47.391706641343113, -21.248687415691212 ], [ 47.392615397277517, -21.248279608217118 ], [ 47.393716735833614, -21.248354504656511 ], [ 47.394492420883509, -21.249042140681716 ], [ 47.395538927774439, -21.249111698745413 ], [ 47.396470509401659, -21.249150304842271 ], [ 47.397494853400097, -21.24919231757098 ], [ 47.399783155863311, -21.246823047346766 ], [ 47.401632923715816, -21.244308408908459 ], [ 47.401971425835839, -21.241293380489225 ], [ 47.401830087483596, -21.239873780855174 ], [ 47.401265654081683, -21.238804991462604 ], [ 47.399896741136395, -21.236696468873454 ], [ 47.398973564572934, -21.235599843664854 ], [ 47.398772010314531, -21.234945567990945 ], [ 47.398865146803494, -21.234190772393955 ], [ 47.399324757925626, -21.233354798593297 ], [ 47.399208903662299, -21.232548154382496 ], [ 47.399954761797204, -21.231294991380157 ], [ 47.399876108889565, -21.230241982391551 ], [ 47.399839410254835, -21.229748771698663 ], [ 47.400255573330242, -21.228539310351806 ], [ 47.400299804686377, -21.227810769562623 ], [ 47.400334274801089, -21.227244312686423 ], [ 47.400478357883983, -21.226817793018533 ], [ 47.400403754623646, -21.226057200391747 ], [ 47.400006958448337, -21.225060812719008 ], [ 47.399497411570159, -21.22462964085814 ], [ 47.39906022324454, -21.224259018551979 ], [ 47.398604248081341, -21.224051097992959 ], [ 47.397896126398813, -21.223728346599216 ], [ 47.397347851116052, -21.223220612754616 ], [ 47.397197958412576, -21.222498846558437 ], [ 47.39702846858242, -21.221681219826856 ], [ 47.396713811986189, -21.220990334551008 ], [ 47.394823643889218, -21.220737675418135 ], [ 47.393115418534698, -21.220363125772526 ], [ 47.391997018940117, -21.219906667673541 ], [ 47.391366634655192, -21.218354381165586 ], [ 47.391465564576798, -21.217057004793485 ], [ 47.391531798746087, -21.216188887424234 ], [ 47.391616408762808, -21.21527719160661 ], [ 47.391290049288784, -21.214403440883963 ], [ 47.390934911509355, -21.213913761828888 ], [ 47.391131025768509, -21.212470728560263 ], [ 47.391290377541118, -21.211297205920943 ], [ 47.39164886439579, -21.210467478811186 ], [ 47.392097722324202, -21.209465037801898 ], [ 47.392297379912335, -21.209019004644279 ], [ 47.392446808565502, -21.20848857640787 ], [ 47.392784950956901, -21.207634126035746 ], [ 47.393559992092094, -21.206888358732922 ], [ 47.394183648548768, -21.206924261467666 ], [ 47.395358088497325, -21.206171656619311 ], [ 47.395854766976228, -21.205805754854548 ], [ 47.396250101753104, -21.204772562427266 ], [ 47.397508173255993, -21.20438021339988 ], [ 47.39840020449833, -21.204897242637124 ], [ 47.399349351683917, -21.205447242819254 ], [ 47.400106097910829, -21.205716641932586 ], [ 47.40063926368385, -21.20590660932562 ], [ 47.402609019983238, -21.205480710190024 ], [ 47.403728690319809, -21.204648766251548 ], [ 47.404440375116224, -21.203395221936635 ], [ 47.405048076700368, -21.202439806477084 ], [ 47.405378552371296, -21.201847336710781 ], [ 47.405590065721832, -21.201020138494624 ], [ 47.405726200596554, -21.200309685769742 ], [ 47.406059811304125, -21.199556294913897 ], [ 47.406439349489169, -21.198965228989348 ], [ 47.406873484616469, -21.198075750922897 ], [ 47.407255704579981, -21.197346348583164 ], [ 47.407941899891554, -21.196116085917481 ], [ 47.408536225858867, -21.194562867711859 ], [ 47.408794691014812, -21.192613037692269 ], [ 47.408688159123777, -21.191760609895482 ], [ 47.408464344846095, -21.19065312177591 ], [ 47.408066410129173, -21.189657873544252 ], [ 47.407030043094181, -21.187965065268703 ], [ 47.41044463130725, -21.188276077811924 ], [ 47.411784304594498, -21.186578724362832 ], [ 47.414919555285962, -21.184026023917578 ], [ 47.418970994808582, -21.183790841310341 ], [ 47.419861645591475, -21.182307277395903 ], [ 47.421189741006721, -21.178920467444431 ], [ 47.422507781101892, -21.17405543195418 ], [ 47.425408860923014, -21.170236856589383 ], [ 47.426964745619244, -21.167271010294311 ], [ 47.4272412673633, -21.166498487261215 ], [ 47.428419363955292, -21.16590174481594 ], [ 47.429292435690144, -21.165157504561904 ], [ 47.429833374303584, -21.163810040448514 ], [ 47.430420690055506, -21.162601178050114 ], [ 47.431067037306704, -21.162151863266356 ], [ 47.43232244231973, -21.161919634931877 ], [ 47.433838465465847, -21.162174742019353 ], [ 47.435717681618968, -21.162688474342072 ], [ 47.437808632356052, -21.163665542778599 ], [ 47.438815165281326, -21.164923518053325 ], [ 47.440146358861227, -21.165865060571157 ], [ 47.441693013815517, -21.165798110541491 ], [ 47.442218177420926, -21.165278353660561 ], [ 47.442381903495999, -21.16440737464854 ], [ 47.442568976870703, -21.163605693796086 ], [ 47.443084375637461, -21.163591276764368 ], [ 47.444062121263968, -21.163768259745776 ], [ 47.445221913055008, -21.163419653742672 ], [ 47.446367345370895, -21.162518423335761 ], [ 47.446950393839771, -21.16153931523694 ], [ 47.447085103288956, -21.159610524856603 ], [ 47.447178162436316, -21.158577375596806 ], [ 47.447354256887415, -21.157063281497393 ], [ 47.447501099989665, -21.155801159448792 ], [ 47.447999757876481, -21.155372443636526 ], [ 47.448777109370148, -21.155775884902102 ], [ 47.450004509494661, -21.15572718481479 ], [ 47.452359944550153, -21.155957932865316 ], [ 47.459029998530781, -21.158720003577251 ], [ 47.469665282123081, -21.155831602400664 ], [ 47.473515353546929, -21.153793578566262 ], [ 47.479606062466388, -21.150569340859956 ], [ 47.489546127848712, -21.145306549618532 ], [ 47.494338893822501, -21.143426310937741 ], [ 47.495009700834643, -21.143656017573342 ], [ 47.498245740346682, -21.145193572287088 ], [ 47.500353897812467, -21.146868683703534 ], [ 47.50305051946453, -21.147740596211982 ], [ 47.504913951616409, -21.147946564342924 ], [ 47.506360432886673, -21.149070889569806 ], [ 47.507561705907214, -21.15019565006866 ], [ 47.512170941835294, -21.152420735586926 ], [ 47.516559619031447, -21.153200189695326 ], [ 47.517194909118089, -21.153132730649435 ], [ 47.51766956050281, -21.163066644663036 ], [ 47.516899454847398, -21.171391767764458 ], [ 47.517099998268627, -21.185000004987536 ], [ 47.516927936377733, -21.18911059561659 ], [ 47.516889838397958, -21.190715264036434 ], [ 47.516929982335547, -21.192114496724077 ], [ 47.51684558186092, -21.193603170586485 ], [ 47.516424994121046, -21.194808936619125 ], [ 47.51638475485548, -21.195473095842313 ], [ 47.516852295300147, -21.196423561433374 ], [ 47.517682746364763, -21.197565297535029 ], [ 47.518840127972815, -21.198346981961908 ], [ 47.520468455758134, -21.198909930582801 ], [ 47.522629836901153, -21.199713257194766 ], [ 47.52468061492236, -21.200010326648908 ], [ 47.526652730143496, -21.200534831051133 ], [ 47.527575716050784, -21.200875394417331 ], [ 47.528648901330122, -21.201175447821953 ], [ 47.529825924131593, -21.20135343444672 ], [ 47.531550117848397, -21.202288800420614 ], [ 47.532670165001008, -21.202975223260463 ], [ 47.533686925016589, -21.203574255379845 ], [ 47.5348313608837, -21.204259372404078 ], [ 47.535895030436564, -21.204810093842504 ], [ 47.537183396502002, -21.205419158798584 ], [ 47.538120047607727, -21.206367573935399 ], [ 47.53908599412906, -21.20740723968289 ], [ 47.540332282714651, -21.208617784712931 ], [ 47.541240347070428, -21.209959846598945 ], [ 47.541853953603322, -21.21085392919429 ], [ 47.542164231400456, -21.21160043034406 ], [ 47.542352401048866, -21.212837192410277 ], [ 47.542432349879498, -21.213894023517572 ], [ 47.542822351676755, -21.214752333780023 ], [ 47.543710710987227, -21.216187089688507 ], [ 47.544472778502787, -21.21755888945648 ], [ 47.545141159144208, -21.218363170249081 ], [ 47.545387811705275, -21.220977688293235 ], [ 47.545930000376565, -21.22305000417682 ], [ 47.545994675121733, -21.226532525376417 ], [ 47.545615145030617, -21.228271094754913 ], [ 47.544900276634124, -21.228976426739948 ], [ 47.544373004118405, -21.229631820271102 ], [ 47.54397515663581, -21.230126336779605 ], [ 47.543572438424988, -21.23136703248041 ], [ 47.543625578465409, -21.232378872304491 ], [ 47.543938077588074, -21.233171639976135 ], [ 47.543872686083439, -21.233797570817778 ], [ 47.544618063081096, -21.234385909998082 ], [ 47.545448488964631, -21.234716250770568 ], [ 47.545811435557411, -21.235529563454374 ], [ 47.545520606498918, -21.236557815905698 ], [ 47.544790222099259, -21.237191014168822 ], [ 47.544503995770974, -21.238311253775581 ], [ 47.544655161015143, -21.239779700985821 ], [ 47.544191083859801, -21.240792737807432 ], [ 47.543248023285827, -21.241136057595611 ], [ 47.54198861359172, -21.240617761213564 ], [ 47.540888724742743, -21.239376925218366 ], [ 47.538832563379671, -21.237765342810427 ], [ 47.537233459963673, -21.236870467912343 ], [ 47.535934563736411, -21.236538113557746 ], [ 47.534453431587728, -21.236952132649144 ], [ 47.532828544608741, -21.238387758201938 ], [ 47.531522804540934, -21.240269496052768 ], [ 47.530668973801255, -21.24231477471832 ], [ 47.530460203382859, -21.243500532634059 ], [ 47.530551295712982, -21.244764474011173 ], [ 47.530540138723765, -21.245964168720665 ], [ 47.530203655581658, -21.247063266165487 ], [ 47.529342545729229, -21.248025260165726 ], [ 47.528491556847314, -21.249655583545536 ], [ 47.527945582929846, -21.251441643423199 ], [ 47.527776544559345, -21.251994619462 ], [ 47.52733824557113, -21.25397504441754 ], [ 47.526570757841796, -21.255785457936252 ], [ 47.522084243400442, -21.257132457999269 ], [ 47.517862511852435, -21.259013074395384 ], [ 47.514914304858138, -21.261282358893865 ], [ 47.510629999381564, -21.263780005541303 ], [ 47.510144229679199, -21.265416409237488 ], [ 47.510158907514366, -21.267401638371471 ], [ 47.510738371285811, -21.269383196472827 ], [ 47.511607108288679, -21.272289350267226 ], [ 47.511960933058056, -21.27418550874712 ], [ 47.512451282108543, -21.27604355126082 ], [ 47.512542299795015, -21.277606395809688 ], [ 47.511950000899546, -21.279470004227356 ], [ 47.512566594980292, -21.28088200998614 ], [ 47.513928491414823, -21.282436563685103 ], [ 47.515051020696355, -21.283843769762019 ], [ 47.517293367803269, -21.286285926441103 ], [ 47.519215835051753, -21.288432351857281 ], [ 47.520497880681773, -21.289912916532835 ], [ 47.522343794040381, -21.292432045286343 ], [ 47.52382999926494, -21.295930005147532 ], [ 47.525163121890621, -21.297624880964541 ], [ 47.526373148012674, -21.300073694425251 ], [ 47.527986017351559, -21.30326431457463 ], [ 47.52960176991683, -21.306827134441104 ], [ 47.53121704044554, -21.31031548774417 ], [ 47.533154118079906, -21.314322811920761 ], [ 47.535561771370922, -21.317508041533838 ], [ 47.536534873797855, -21.31922059082768 ], [ 47.536414157799598, -21.319247844782211 ], [ 47.534460710705567, -21.319688873212645 ], [ 47.532866013967741, -21.322435124849235 ], [ 47.533892228556155, -21.325401592576032 ], [ 47.53083920108071, -21.326882857823215 ], [ 47.527391865853986, -21.325939832323332 ], [ 47.522169707777238, -21.323278763571125 ], [ 47.518846483489561, -21.323446276691005 ], [ 47.517105602852489, -21.325943277625466 ], [ 47.516296001670447, -21.330923116970791 ], [ 47.516298723019055, -21.331529390431232 ], [ 47.516278099765955, -21.332357673229861 ], [ 47.516380688129765, -21.333346597428733 ], [ 47.516678878139345, -21.334104480398313 ], [ 47.517740318272899, -21.335204528426559 ], [ 47.517916725688231, -21.336192964293677 ], [ 47.517922022695139, -21.337343413926646 ], [ 47.518025317026776, -21.338424346864691 ], [ 47.518151291361093, -21.339113922727574 ], [ 47.518843212656314, -21.339985500688066 ], [ 47.519557474010483, -21.3404199937453 ], [ 47.520321362653128, -21.340923026833636 ], [ 47.520598477050548, -21.342440308130293 ], [ 47.520310496145015, -21.3438907491145 ], [ 47.519848970366276, -21.34501999543156 ], [ 47.519216875570969, -21.346425844431533 ], [ 47.518852218467707, -21.347255822452141 ], [ 47.5182202360877, -21.348638522902633 ], [ 47.517757170669533, -21.349445435111395 ], [ 47.517722910096936, -21.349502651778515 ], [ 47.516928435511531, -21.350829426988344 ], [ 47.516465359301556, -21.35163633649907 ], [ 47.515906081712963, -21.352835085121704 ], [ 47.515690227334908, -21.353986416989539 ], [ 47.515547066956394, -21.354906949545651 ], [ 47.515773854392783, -21.356102792458852 ], [ 47.516294799278604, -21.357227833545927 ], [ 47.516863915450521, -21.358145941529781 ], [ 47.518397615670878, -21.360440191208543 ], [ 47.519784157126828, -21.362712248317127 ], [ 47.52008247753804, -21.36351640320456 ], [ 47.520457225934123, -21.364826418648704 ], [ 47.520461995938319, -21.365861699301895 ], [ 47.520394028775456, -21.367081490261825 ], [ 47.520175851448428, -21.367680181538038 ], [ 47.519641351980923, -21.368970790511678 ], [ 47.519006360469191, -21.369801419641469 ], [ 47.518321642743722, -21.370471490108436 ], [ 47.517611819543845, -21.371049707418898 ], [ 47.516755808847442, -21.371904365534409 ], [ 47.515923673352759, -21.372528541798818 ], [ 47.51538559188554, -21.373106184442509 ], [ 47.514949395512147, -21.374372990160332 ], [ 47.514685690006594, -21.375777530646705 ], [ 47.514543246387824, -21.376836358248855 ], [ 47.51454820255163, -21.37794107375851 ], [ 47.513404666906048, -21.378951397325501 ], [ 47.512850000141505, -21.3794700048729 ], [ 47.51157199786352, -21.380692125976118 ], [ 47.510719320054605, -21.381850186571484 ], [ 47.509006192495789, -21.383129119646938 ] ] ] } },
{ "type": "Feature", "properties": { "fid": 21, "csb_secto": "CSB2 TSARATANANA" }, "geometry": { "type": "Polygon", "coordinates": [ [ [ 47.643618737133117, -21.249548112768984 ], [ 47.642182371437173, -21.247957446793279 ], [ 47.640553356569718, -21.246012364294668 ], [ 47.638264657505211, -21.24460572928707 ], [ 47.63559212509336, -21.242668132745194 ], [ 47.633968352374282, -21.241345584348888 ], [ 47.631679999548709, -21.239950003807884 ], [ 47.627881289306067, -21.239521360840492 ], [ 47.626072939730243, -21.238822706321464 ], [ 47.623369998542096, -21.238050004323075 ], [ 47.621511910161878, -21.237965776518173 ], [ 47.619442029641064, -21.237469291393587 ], [ 47.617510605145206, -21.236236927012055 ], [ 47.616922691343888, -21.235534338858521 ], [ 47.616384572104963, -21.235144132016121 ], [ 47.615928712055016, -21.234911967533378 ], [ 47.614918583640211, -21.23445171789275 ], [ 47.614069596648967, -21.233776370203959 ], [ 47.613476394834109, -21.233273641985814 ], [ 47.612854652134644, -21.232702809008508 ], [ 47.61175021181689, -21.231854822963253 ], [ 47.610707429018468, -21.230773249707742 ], [ 47.610094646264649, -21.229441380737846 ], [ 47.610044929943221, -21.228498432579762 ], [ 47.610455607154179, -21.227418447527153 ], [ 47.611091319922117, -21.22639727543838 ], [ 47.611912837121459, -21.225160272353808 ], [ 47.612101225304855, -21.224067177883732 ], [ 47.611992546732154, -21.222942876039181 ], [ 47.611454600163128, -21.221630235473953 ], [ 47.610892044545324, -21.218450923400045 ], [ 47.61052137907145, -21.217499513520941 ], [ 47.610234049274901, -21.216729287356277 ], [ 47.609605259488063, -21.216020176419907 ], [ 47.609008584491363, -21.215448579018933 ], [ 47.608261688538782, -21.214837391662769 ], [ 47.607352591761263, -21.214418712284406 ], [ 47.606992723547847, -21.214135599409158 ], [ 47.605459066495058, -21.21402218770459 ], [ 47.604162807080215, -21.214197819004742 ], [ 47.602659861875239, -21.214198763292774 ], [ 47.601509885284983, -21.213882787391345 ], [ 47.600710426656768, -21.213205320000437 ], [ 47.599448619370058, -21.212641159992689 ], [ 47.598196711820378, -21.212260954510715 ], [ 47.597367701469679, -21.21195343223652 ], [ 47.596522222733768, -21.211808604514911 ], [ 47.595523313361589, -21.212015968393512 ], [ 47.594413394373852, -21.212459505033085 ], [ 47.593536980758273, -21.213122700183025 ], [ 47.592500500408946, -21.214024102360433 ], [ 47.592168620896274, -21.214270280978585 ], [ 47.590919994073509, -21.21442008195093 ], [ 47.589409650146123, -21.214743866665557 ], [ 47.587738440887101, -21.2152827044623 ], [ 47.586141723372521, -21.215840768865053 ], [ 47.584150922937276, -21.216394201759254 ], [ 47.58237001977097, -21.216730520325278 ], [ 47.580493476403085, -21.217117156858958 ], [ 47.579828579735342, -21.217124554682101 ], [ 47.579099057785392, -21.216836020693599 ], [ 47.578414729466239, -21.21647547798883 ], [ 47.577381532541544, -21.216038858934208 ], [ 47.576412500446246, -21.215414937177908 ], [ 47.575328885729121, -21.214957763218802 ], [ 47.574656146073842, -21.214343655763962 ], [ 47.57408398749542, -21.213308851751417 ], [ 47.572611985264103, -21.212075793992639 ], [ 47.571918849884042, -21.211495166498938 ], [ 47.570782347836001, -21.211432358746567 ], [ 47.569453242481991, -21.210986982993223 ], [ 47.568517115680997, -21.210522547907811 ], [ 47.568109705706981, -21.209803859191638 ], [ 47.567197874091093, -21.208393108886426 ], [ 47.566683264929061, -21.207978859568509 ], [ 47.565824727137702, -21.207579928402954 ], [ 47.564541525878845, -21.206601850927061 ], [ 47.564055495372855, -21.205793925182324 ], [ 47.56343650549821, -21.205269160876181 ], [ 47.563005839955359, -21.20457432577798 ], [ 47.562668345075856, -21.203782887304268 ], [ 47.562042645359412, -21.202658637620456 ], [ 47.5616243643804, -21.201732820648065 ], [ 47.561602514452019, -21.201318605504319 ], [ 47.561424732872524, -21.200392855081812 ], [ 47.561083486920801, -21.199933379757514 ], [ 47.560888826865202, -21.199474042029447 ], [ 47.560547859703156, -21.198854237369524 ], [ 47.560133248857525, -21.198325254343612 ], [ 47.559546951137996, -21.197818882072617 ], [ 47.558789194972348, -21.197403424065783 ], [ 47.558250617079253, -21.197309958424889 ], [ 47.557785929284115, -21.197078812874047 ], [ 47.557517819798342, -21.196733998412682 ], [ 47.557384878416208, -21.196196334231082 ], [ 47.55721294692669, -21.195990876015838 ], [ 47.556595531765019, -21.195152194356389 ], [ 47.556240795083234, -21.194617151698587 ], [ 47.555848428069027, -21.194631646971271 ], [ 47.555520878792073, -21.195014343575238 ], [ 47.555037369085838, -21.195783663223221 ], [ 47.554422332631049, -21.195884899006547 ], [ 47.553714507724742, -21.195777878783733 ], [ 47.553256167344621, -21.195469899653919 ], [ 47.552753812344811, -21.194955033286156 ], [ 47.552210602943155, -21.194094948661366 ], [ 47.551845739895015, -21.192940107638897 ], [ 47.551392128150091, -21.191394642488664 ], [ 47.550929873920325, -21.190215046727481 ], [ 47.550590998581406, -21.188992283508096 ], [ 47.550127183128588, -21.187882132496057 ], [ 47.549535678334337, -21.186998083636787 ], [ 47.548711292297646, -21.186636084929624 ], [ 47.548055021027707, -21.186415787900664 ], [ 47.547265259789043, -21.185618862663063 ], [ 47.546546946089741, -21.184915732218339 ], [ 47.546094565516768, -21.184355346665249 ], [ 47.545745805729247, -21.18356845336519 ], [ 47.545129664906931, -21.182683984522409 ], [ 47.544837905049953, -21.181554036734138 ], [ 47.544321918126606, -21.180579699538733 ], [ 47.543895528860048, -21.179951389090871 ], [ 47.543200352019049, -21.179317525329392 ], [ 47.542740498079894, -21.179078396496759 ], [ 47.542154960287441, -21.178973897972998 ], [ 47.541440566732938, -21.179141794204273 ], [ 47.540251296963881, -21.179711965280465 ], [ 47.539502254329719, -21.180314774552304 ], [ 47.538752478747988, -21.180940733272948 ], [ 47.537849878672986, -21.18181553350432 ], [ 47.537069345378079, -21.182715487773226 ], [ 47.536552478917748, -21.182819393643701 ], [ 47.536272143148786, -21.182239776088704 ], [ 47.535956929872214, -21.181063673294425 ], [ 47.535933909026475, -21.179962414778732 ], [ 47.535860538736564, -21.178929234042574 ], [ 47.535663931648713, -21.177916059624632 ], [ 47.53534164610361, -21.17703807669248 ], [ 47.534782602338602, -21.175810511093463 ], [ 47.534486595882996, -21.174864040290995 ], [ 47.534079796548589, -21.173807675931805 ], [ 47.537690170768187, -21.171515472211045 ], [ 47.544170000149286, -21.169370004573299 ], [ 47.548446982446237, -21.164423968045899 ], [ 47.560082025270269, -21.163565917688221 ], [ 47.572827532970472, -21.162959530014668 ], [ 47.581146423775415, -21.163422635003222 ], [ 47.588579999475144, -21.163950005545058 ], [ 47.591904549363115, -21.156848567468113 ], [ 47.595739492391338, -21.151102065971617 ], [ 47.599320000125672, -21.14770000531707 ], [ 47.59569233643947, -21.145122472791108 ], [ 47.592059042097752, -21.14124768530159 ], [ 47.589299999401504, -21.135580004885327 ], [ 47.595149584791962, -21.133225213746183 ], [ 47.599882173530339, -21.13255866232662 ], [ 47.602669999927677, -21.131900004256483 ], [ 47.604786860132876, -21.131866352525076 ], [ 47.609345157560703, -21.131724765061076 ], [ 47.612300556433546, -21.131565315262556 ], [ 47.614019459438715, -21.131472554690212 ], [ 47.617521211743039, -21.130789759715814 ], [ 47.622541739118908, -21.12998645378871 ], [ 47.626156762833517, -21.128863944293336 ], [ 47.627799999579537, -21.127270004785526 ], [ 47.639679999743443, -21.14160000550751 ], [ 47.665599999855196, -21.165170006051337 ], [ 47.700329999749286, -21.184550005830026 ], [ 47.70371999959508, -21.130050005284897 ], [ 47.702230631454654, -21.123892268098288 ], [ 47.697606899354277, -21.116861728973724 ], [ 47.690549999296273, -21.092230005910974 ], [ 47.71822999963068, -21.091930005567892 ], [ 47.747194405414994, -21.070809085586301 ], [ 47.753050000075518, -21.07015000573432 ], [ 47.751904663984845, -21.031811101137951 ], [ 47.752469646872477, -21.031831953718253 ], [ 47.754995638354011, -21.031151154339387 ], [ 47.756624593866064, -21.031241565882745 ], [ 47.758501980798115, -21.031150219044726 ], [ 47.760461016279443, -21.031058213003604 ], [ 47.761930803480418, -21.031046691788937 ], [ 47.763727889946992, -21.03110925492583 ], [ 47.76568760171844, -21.031093854035831 ], [ 47.767482632334762, -21.030926392177168 ], [ 47.769679999849487, -21.030450006001235 ], [ 47.771722473530865, -21.030202940651762 ], [ 47.773271145664559, -21.029884029363227 ], [ 47.775399998329092, -21.029080004877663 ], [ 47.776537977064059, -21.029934835662978 ], [ 47.777775888464674, -21.031381704540227 ], [ 47.779262933655986, -21.033286590940705 ], [ 47.780998443542146, -21.035572824062644 ], [ 47.782242678076187, -21.037709608746514 ], [ 47.782836453658604, -21.040158236047493 ], [ 47.783095292932728, -21.041689519788541 ], [ 47.783279999292041, -21.043680004560475 ], [ 47.782972177543535, -21.046137200601883 ], [ 47.783236582721869, -21.048281773414594 ], [ 47.783420024634346, -21.050503656446875 ], [ 47.783630000144449, -21.05267000364487 ], [ 47.783511931750311, -21.053507638493368 ], [ 47.786146129660587, -21.054683592000327 ], [ 47.788082686587337, -21.055215267596498 ], [ 47.789173095682607, -21.056165248453055 ], [ 47.790369999796525, -21.056580004089295 ], [ 47.790158342554449, -21.057870846886779 ], [ 47.789826334438807, -21.05899798789093 ], [ 47.78953000063013, -21.061130006167804 ], [ 47.789628858606136, -21.062373005032395 ], [ 47.790117738164376, -21.064144399665643 ], [ 47.790076756958037, -21.064489550473503 ], [ 47.790742991817133, -21.066261790469454 ], [ 47.794923177384938, -21.071321027361289 ], [ 47.79621277552161, -21.072785917752945 ], [ 47.79698823753963, -21.073666777616339 ], [ 47.79873464001448, -21.076081678541978 ], [ 47.800211594812325, -21.078359307850011 ], [ 47.801368957534741, -21.080476369502044 ], [ 47.802015901935853, -21.081490737320351 ], [ 47.802821336559091, -21.082753600410452 ], [ 47.804394800303719, -21.084524057050782 ], [ 47.805846945504236, -21.086570946402166 ], [ 47.806733830825948, -21.088366140694127 ], [ 47.807228787103305, -21.090184833371666 ], [ 47.807431344105829, -21.092579982487308 ], [ 47.807655938995133, -21.09416886780517 ], [ 47.807611069120377, -21.095758251347565 ], [ 47.80761546140932, -21.097601249102766 ], [ 47.807864017835172, -21.098982772340719 ], [ 47.809363756057728, -21.100430873289099 ], [ 47.811403119883636, -21.101946812797419 ], [ 47.813712336980615, -21.103692520095169 ], [ 47.815776058044811, -21.105231343752259 ], [ 47.817326323777209, -21.107116984660905 ], [ 47.818532507096165, -21.108934309469639 ], [ 47.819517388843167, -21.110498293459568 ], [ 47.820108793812729, -21.111602634851245 ], [ 47.820235725025661, -21.113214864770807 ], [ 47.819602801055488, -21.115012838867067 ], [ 47.817256194644628, -21.117805365119505 ], [ 47.814981994450484, -21.121211984437622 ], [ 47.814929739343057, -21.12316154825788 ], [ 47.814264446973816, -21.126599571002593 ], [ 47.814997297314918, -21.131348662297562 ], [ 47.815283725091575, -21.133141516553387 ], [ 47.81529198446524, -21.134028669872446 ], [ 47.815439296114448, -21.135531349776432 ], [ 47.815412523297098, -21.136103827613677 ], [ 47.815420658564449, -21.136977210513535 ], [ 47.815303195414096, -21.13815280968744 ], [ 47.815310208327496, -21.138905725701282 ], [ 47.815228492329155, -21.140472576729799 ], [ 47.81524027704527, -21.14173747228763 ], [ 47.815154070731964, -21.142822458470171 ], [ 47.815008431821937, -21.144419952998067 ], [ 47.815115401682803, -21.145563592065169 ], [ 47.815125224977592, -21.146617669448357 ], [ 47.815298089064022, -21.147941479593364 ], [ 47.815929999498508, -21.148800004793735 ], [ 47.815731153998193, -21.149624578788139 ], [ 47.815742668018402, -21.150859356050667 ], [ 47.816108309879404, -21.152196638939294 ], [ 47.816353616155375, -21.154452149421449 ], [ 47.816451018129065, -21.15607693297752 ], [ 47.816781777086625, -21.158835508923662 ], [ 47.816987821659978, -21.160711168256807 ], [ 47.817115922891041, -21.162303297429439 ], [ 47.817375442052622, -21.164191625512291 ], [ 47.817585928377625, -21.165723135882388 ], [ 47.817720274500807, -21.166700613510372 ], [ 47.817642046073416, -21.168374339071431 ], [ 47.817958125397148, -21.169946708340039 ], [ 47.818331268503385, -21.171802883861073 ], [ 47.81831249245775, -21.173019419275217 ], [ 47.818329283699669, -21.173070127548776 ], [ 47.818887577430047, -21.173693780407806 ], [ 47.819541831520702, -21.174731524303947 ], [ 47.820217860896093, -21.176229688711981 ], [ 47.820624104449585, -21.177772410030752 ], [ 47.820690638992595, -21.178899095977982 ], [ 47.819998441605534, -21.180044459944646 ], [ 47.819111916912121, -21.181005146330598 ], [ 47.818446178479128, -21.181829106088163 ], [ 47.817337157914174, -21.183133119456855 ], [ 47.816473425638762, -21.184346489257312 ], [ 47.816582674381664, -21.18643919007372 ], [ 47.817235304296794, -21.187684108091631 ], [ 47.817717221303745, -21.188951311309868 ], [ 47.818100652654167, -21.190240774547359 ], [ 47.818261433449621, -21.191919857369797 ], [ 47.817445908433129, -21.193271691289041 ], [ 47.816314872464638, -21.194161566855776 ], [ 47.815404302597614, -21.195007286609503 ], [ 47.81419851498061, -21.19608065085318 ], [ 47.813851631178927, -21.19676875992182 ], [ 47.813843620018197, -21.198101524616433 ], [ 47.813911591677844, -21.198998462559253 ], [ 47.81397879081981, -21.199941692205119 ], [ 47.813976079363869, -21.200424329568641 ], [ 47.814186589970525, -21.201759246340945 ], [ 47.814574175289479, -21.20259089979853 ], [ 47.814887509882212, -21.203398890294494 ], [ 47.815151526553407, -21.204275020623214 ], [ 47.815220037806213, -21.205035351547334 ], [ 47.81489481147814, -21.206045027602514 ], [ 47.814490715505833, -21.207278764349361 ], [ 47.814368696389955, -21.207651297714811 ], [ 47.814240392811662, -21.20847815868526 ], [ 47.814326974142411, -21.210204698732163 ], [ 47.814492362164771, -21.211218238274753 ], [ 47.81487697792226, -21.212372217746744 ], [ 47.815556922945866, -21.21343627220881 ], [ 47.816798996408998, -21.214872748520406 ], [ 47.817626628098978, -21.215891547298479 ], [ 47.818404182839444, -21.217025339688476 ], [ 47.818860887352891, -21.218479002044415 ], [ 47.819172150807013, -21.219700740036497 ], [ 47.81960051498482, -21.221659822281314 ], [ 47.820104394335551, -21.223389671833349 ], [ 47.820440538433367, -21.224566042625614 ], [ 47.820800939045476, -21.225696490436903 ], [ 47.821207262638616, -21.227356018400862 ], [ 47.821858138875676, -21.229156326237913 ], [ 47.822557798837188, -21.230956790556956 ], [ 47.822867851803892, -21.232362535235513 ], [ 47.817175632482908, -21.233922569402729 ], [ 47.814019257615847, -21.234541546686145 ], [ 47.810865069000776, -21.235397629327629 ], [ 47.805686057697926, -21.236151661399898 ], [ 47.800756638839935, -21.23654773272105 ], [ 47.79746814277236, -21.236574539712439 ], [ 47.793800194854605, -21.236604366627173 ], [ 47.788996092026984, -21.236880498065123 ], [ 47.784697885729493, -21.237152415279976 ], [ 47.781541259052204, -21.237770816997219 ], [ 47.778143553812079, -21.239695610790211 ], [ 47.775885218558074, -21.241729803512857 ], [ 47.773504657344034, -21.244239314916179 ], [ 47.772641911624966, -21.246736654895123 ], [ 47.772049999437982, -21.249270004627984 ], [ 47.76976495162117, -21.250317424329921 ], [ 47.765846850081701, -21.250704458363909 ], [ 47.763196896049287, -21.251437104558018 ], [ 47.759278736953192, -21.251823994700466 ], [ 47.756505426513115, -21.252913296729389 ], [ 47.75285191271427, -21.25460247264305 ], [ 47.749573560999401, -21.255814249744091 ], [ 47.747449999945907, -21.259220004813631 ], [ 47.745794447883632, -21.257622868215858 ], [ 47.744005426537086, -21.255620822658884 ], [ 47.742219622964797, -21.253974510232311 ], [ 47.740048030919148, -21.2516196318585 ], [ 47.738261264172941, -21.24985468446496 ], [ 47.736346991547073, -21.247972113841762 ], [ 47.734814348030199, -21.246323735672355 ], [ 47.732779999723299, -21.244150005040321 ], [ 47.731259954809069, -21.244928239667601 ], [ 47.728229359123382, -21.245544716835788 ], [ 47.72519977697366, -21.246279730045533 ], [ 47.723445527014974, -21.248190796586929 ], [ 47.720188852558891, -21.251892352167065 ], [ 47.717175693828509, -21.254524626425543 ], [ 47.712271071078106, -21.257882925169941 ], [ 47.708115996380904, -21.260168015253377 ], [ 47.703825034122438, -21.26138668925509 ], [ 47.698469999414989, -21.263270003617169 ], [ 47.694625631491498, -21.26560733891548 ], [ 47.691069540350604, -21.267525073929747 ], [ 47.689844433497314, -21.26792210932436 ], [ 47.688620101859641, -21.268480575724038 ], [ 47.687616957579934, -21.269060512538335 ], [ 47.687103031003424, -21.269385006818091 ], [ 47.6856843001136, -21.270312394006705 ], [ 47.684412712699761, -21.271124074420907 ], [ 47.68343342383654, -21.271680667532795 ], [ 47.682650476761147, -21.272098612165014 ], [ 47.682210603059929, -21.272423101048858 ], [ 47.681009335435434, -21.272727889383983 ], [ 47.679802443450804, -21.272090020042018 ], [ 47.679332071940266, -21.271378897322197 ], [ 47.678880974699759, -21.269747516339699 ], [ 47.678507242537641, -21.268714477696346 ], [ 47.677839986048909, -21.267935387813651 ], [ 47.676953068351629, -21.267456547387702 ], [ 47.675942760971786, -21.26677145734315 ], [ 47.674933611918725, -21.266292952364299 ], [ 47.674070836521793, -21.265676182016911 ], [ 47.673380661709999, -21.265173277531797 ], [ 47.672615293682519, -21.264394895415467 ], [ 47.672193001727258, -21.263523076436687 ], [ 47.672089683113974, -21.262556872709879 ], [ 47.672084716158167, -21.261613648459935 ], [ 47.672152245351214, -21.260555293001755 ], [ 47.671558715283787, -21.259798768907842 ], [ 47.671114629158076, -21.259409744673949 ], [ 47.670522279001148, -21.258791508431688 ], [ 47.669781994864209, -21.258196945942867 ], [ 47.66946097556454, -21.257761846742689 ], [ 47.66884431313543, -21.257258374785188 ], [ 47.667813815975649, -21.257309472465156 ], [ 47.666856952607041, -21.257452031197133 ], [ 47.665264876493481, -21.258035069773062 ], [ 47.664333250799494, -21.258315731995587 ], [ 47.663426136127768, -21.258503627350624 ], [ 47.662078367143337, -21.258924518161781 ], [ 47.661098338138125, -21.259251243659484 ], [ 47.659799326797653, -21.259671757654719 ], [ 47.659211923811476, -21.259927279329567 ], [ 47.658206615762751, -21.26018530651557 ], [ 47.657469805706974, -21.260073869722184 ], [ 47.653668209539845, -21.259970803818305 ], [ 47.651192376846112, -21.258921532411911 ], [ 47.648430452722238, -21.257696413868036 ], [ 47.645669999889229, -21.255720005284587 ], [ 47.64507646982166, -21.253718131498193 ], [ 47.644681504665989, -21.251853072473899 ], [ 47.643618737133117, -21.249548112768984 ] ] ] } }
]
}
